inlf,hours,kidslt6,kidsge6,age,educ,wage,repwage,hushrs,husage,huseduc,huswage,faminc,mtr,motheduc,fatheduc,unem,city,exper,nwifeinc,lwage,expersq
1.0,1610.0,1.0,0.0,32.0,12.0,3.354,2.65,2708.0,34.0,12.0,4.0288,16310.0,0.7215,12.0,7.0,5.0,0.0,14.0,10.91006,1.210154,196.0
1.0,1656.0,0.0,2.0,30.0,12.0,1.3889,2.65,2310.0,30.0,9.0,8.4416,21800.0,0.6615,7.0,7.0,11.0,1.0,5.0,19.49998,0.3285121,25.0
1.0,1980.0,1.0,3.0,35.0,12.0,4.5455,4.04,3072.0,40.0,12.0,3.5807,21040.0,0.6915,12.0,7.0,5.0,0.0,15.0,12.03991,1.514138,225.0
1.0,456.0,0.0,3.0,34.0,12.0,1.0965,3.25,1920.0,53.0,10.0,3.5417,7300.0,0.7815,7.0,7.0,5.0,0.0,6.0,6.799996,0.0921233,36.0
1.0,1568.0,1.0,2.0,31.0,14.0,4.5918,3.6,2000.0,32.0,12.0,10.0,27300.0,0.6215,12.0,14.0,9.5,1.0,7.0,20.10006,1.524272,49.0
1.0,2032.0,0.0,0.0,54.0,12.0,4.7421,4.7,1040.0,57.0,11.0,6.7106,19495.0,0.6915,14.0,7.0,7.5,1.0,33.0,9.859054,1.55648,1089.0
1.0,1440.0,0.0,2.0,37.0,16.0,8.3333,5.95,2670.0,37.0,12.0,3.4277,21152.0,0.6915,14.0,7.0,5.0,0.0,11.0,9.152048,2.12026,121.0
1.0,1020.0,0.0,0.0,54.0,12.0,7.8431,9.98,4120.0,53.0,8.0,2.5485,18900.0,0.6915,3.0,3.0,5.0,0.0,35.0,10.90004,2.059634,1225.0
1.0,1458.0,0.0,2.0,48.0,12.0,2.1262,0.0,1995.0,52.0,4.0,4.2206,20405.0,0.7515,7.0,7.0,3.0,0.0,24.0,17.305,0.7543364,576.0
1.0,1600.0,0.0,2.0,39.0,12.0,4.6875,4.15,2100.0,43.0,12.0,5.7143,20425.0,0.6915,7.0,7.0,5.0,0.0,21.0,12.925,1.544899,441.0
1.0,1969.0,0.0,1.0,33.0,12.0,4.063,4.3,2450.0,34.0,12.0,9.7959,32300.0,0.5815,12.0,3.0,5.0,0.0,15.0,24.29995,1.401922,225.0
1.0,1960.0,0.0,1.0,42.0,11.0,4.5918,4.58,2375.0,47.0,14.0,8.0,28700.0,0.6215,14.0,7.0,5.0,0.0,14.0,19.70007,1.524272,196.0
1.0,240.0,1.0,2.0,30.0,12.0,2.0833,0.0,2830.0,33.0,16.0,5.3004,15500.0,0.7215,16.0,16.0,5.0,0.0,0.0,15.00001,0.7339532,0.0
1.0,997.0,0.0,2.0,43.0,12.0,2.2668,3.5,3317.0,46.0,12.0,4.3413,16860.0,0.7215,10.0,10.0,7.5,1.0,14.0,14.6,0.8183691,196.0
1.0,1848.0,0.0,1.0,43.0,10.0,3.6797,3.38,2024.0,45.0,17.0,10.87,31431.0,0.5815,7.0,7.0,7.5,1.0,6.0,24.63091,1.302831,36.0
1.0,1224.0,0.0,3.0,35.0,11.0,1.3472,0.0,1694.0,38.0,12.0,9.1499,19180.0,0.7215,16.0,10.0,7.5,1.0,9.0,17.53103,0.2980284,81.0
1.0,1400.0,0.0,2.0,43.0,12.0,3.2143,4.0,2156.0,45.0,12.0,6.1224,18600.0,0.6915,10.0,7.0,7.5,1.0,20.0,14.09998,1.16761,400.0
1.0,640.0,0.0,5.0,39.0,12.0,5.175,2.25,2250.0,40.0,12.0,6.1498,19151.0,0.7215,12.0,12.0,7.5,1.0,6.0,15.839,1.643839,36.0
1.0,2000.0,0.0,0.0,45.0,12.0,2.0,2.3,2024.0,51.0,11.0,6.917,18100.0,0.6915,7.0,7.0,5.0,1.0,23.0,14.1,0.6931472,529.0
1.0,1324.0,0.0,4.0,35.0,12.0,7.5529,3.94,2123.0,40.0,10.0,4.7103,20300.0,0.6915,12.0,7.0,5.0,0.0,9.0,10.29996,2.021932,81.0
1.0,2215.0,0.0,2.0,42.0,16.0,3.5052,3.3,4160.0,48.0,16.0,3.131,30419.0,0.6215,10.0,16.0,7.5,0.0,5.0,22.65498,1.254248,25.0
1.0,1680.0,0.0,0.0,30.0,12.0,3.5714,3.8,2000.0,35.0,12.0,4.0,14090.0,0.7215,12.0,10.0,3.0,0.0,11.0,8.090048,1.272958,121.0
1.0,1600.0,0.0,0.0,48.0,13.0,3.25,3.26,2420.0,52.0,17.0,7.2227,22679.0,0.6615,7.0,3.0,5.0,1.0,18.0,17.479,1.178655,324.0
1.0,800.0,0.0,0.0,45.0,12.0,3.25,2.2,1150.0,53.0,17.0,7.9652,12160.0,0.7215,7.0,7.0,11.0,0.0,15.0,9.56,1.178655,225.0
1.0,1955.0,1.0,1.0,31.0,12.0,2.1545,2.3,2024.0,31.0,12.0,4.0884,12487.0,0.7515,12.0,7.0,5.0,1.0,4.0,8.274953,0.7675587,16.0
1.0,660.0,0.0,2.0,43.0,17.0,3.7879,0.0,1904.0,43.0,17.0,14.181,29850.0,0.5815,16.0,14.0,9.5,1.0,21.0,27.34999,1.331812,441.0
1.0,525.0,0.0,0.0,59.0,12.0,4.0,3.18,2448.0,53.0,16.0,6.5359,18100.0,0.6915,3.0,7.0,9.5,1.0,31.0,16.0,1.386294,961.0
1.0,1904.0,0.0,3.0,32.0,12.0,4.7269,6.07,2000.0,33.0,13.0,8.5,26000.0,0.6615,3.0,7.0,11.0,1.0,9.0,16.99998,1.55327,81.0
1.0,1516.0,1.0,0.0,31.0,17.0,7.2559,6.0,2390.0,30.0,17.0,6.2762,26100.0,0.6215,12.0,12.0,5.0,0.0,7.0,15.10006,1.981815,49.0
1.0,346.0,0.0,0.0,42.0,12.0,5.8671,6.39,1920.0,47.0,10.0,5.2083,17730.0,0.7215,12.0,12.0,9.5,0.0,7.0,15.69998,1.76936,49.0
1.0,1040.0,0.0,0.0,50.0,11.0,1.5385,0.0,1840.0,53.0,10.0,2.7821,6719.0,0.7515,7.0,7.0,7.5,1.0,32.0,5.11896,0.4308079,1024.0
1.0,732.0,0.0,0.0,59.0,16.0,2.459,2.5,3360.0,57.0,17.0,4.9107,18550.0,0.6915,3.0,3.0,14.0,1.0,11.0,16.75001,0.8997548,121.0
1.0,1880.0,0.0,2.0,36.0,13.0,5.8511,5.2,2284.0,35.0,13.0,5.8669,24600.0,0.6615,12.0,10.0,7.5,0.0,16.0,13.59993,1.76663,256.0
1.0,1680.0,0.0,1.0,51.0,12.0,3.5714,3.29,1875.0,50.0,8.0,7.52,23100.0,0.6915,7.0,14.0,5.0,1.0,14.0,17.10005,1.272958,196.0
1.0,2081.0,0.0,3.0,45.0,16.0,3.8068,4.19,2140.0,47.0,17.0,7.5449,24656.0,0.6615,12.0,12.0,5.0,1.0,27.0,16.73405,1.336789,729.0
1.0,690.0,0.0,1.0,42.0,11.0,2.4638,0.0,1896.0,44.0,8.0,5.538,15897.0,0.7515,10.0,3.0,7.5,0.0,0.0,14.19698,0.9017048,0.0
1.0,4210.0,0.0,0.0,46.0,12.0,2.3753,4.63,1040.0,49.0,16.0,6.9231,20320.0,0.6915,3.0,3.0,11.0,1.0,17.0,10.31999,0.8651237,289.0
1.0,2205.0,0.0,1.0,46.0,10.0,4.5351,4.55,2200.0,52.0,12.0,5.0,21384.0,0.6615,10.0,3.0,11.0,0.0,28.0,11.3841,1.511847,784.0
1.0,1952.0,0.0,0.0,51.0,14.0,5.6183,5.6,1952.0,58.0,12.0,7.3064,25561.0,0.6215,7.0,7.0,14.0,0.0,24.0,14.59408,1.726029,576.0
1.0,1302.0,0.0,0.0,30.0,17.0,14.631,9.53,1560.0,30.0,17.0,11.218,36550.0,0.58,14.0,17.0,5.0,1.0,11.0,17.50044,2.683142,121.0
1.0,112.0,1.0,2.0,30.0,12.0,2.6786,0.0,4030.0,33.0,16.0,3.8462,15810.0,0.7215,12.0,12.0,3.0,0.0,1.0,15.51,0.9852943,1.0
1.0,893.0,0.0,0.0,57.0,12.0,3.9194,3.5,2570.0,58.0,12.0,5.8366,25500.0,0.6215,9.0,9.0,7.5,1.0,14.0,21.99998,1.365939,196.0
1.0,583.0,1.0,2.0,31.0,16.0,2.5729,9.98,1530.0,34.0,16.0,13.725,24000.0,0.6615,14.0,16.0,9.5,1.0,6.0,22.5,0.9450337,36.0
1.0,480.0,0.0,2.0,48.0,12.0,4.5375,4.65,3149.0,48.0,8.0,6.3493,22172.0,0.6615,3.0,3.0,5.0,0.0,10.0,19.994,1.512376,100.0
1.0,1900.0,0.0,3.0,30.0,12.0,2.0,2.23,2690.0,32.0,12.0,5.2528,17930.0,0.7215,12.0,7.0,5.0,0.0,6.0,14.13,0.6931472,36.0
1.0,576.0,0.0,2.0,34.0,12.0,3.4722,3.84,3096.0,33.0,12.0,1.3075,7000.0,0.7815,12.0,7.0,3.0,0.0,4.0,5.000013,1.244788,16.0
1.0,2056.0,0.0,2.0,48.0,16.0,2.0161,0.0,2552.0,53.0,16.0,2.7998,25300.0,0.7215,14.0,16.0,5.0,1.0,10.0,21.1549,0.7011649,100.0
1.0,1984.0,0.0,0.0,45.0,12.0,4.5716,4.82,2040.0,47.0,11.0,2.6961,16212.0,0.7215,10.0,10.0,11.0,0.0,22.0,7.141946,1.519863,484.0
1.0,2640.0,0.0,0.0,51.0,12.0,2.2727,0.0,2180.0,50.0,13.0,7.5688,22650.0,0.6615,7.0,7.0,3.0,0.0,16.0,16.65007,0.8209686,256.0
1.0,240.0,0.0,2.0,30.0,12.0,2.6375,0.0,1864.0,37.0,12.0,3.4077,6985.0,0.7815,12.0,7.0,14.0,0.0,6.0,6.352,0.9698315,36.0
1.0,1173.0,0.0,1.0,46.0,12.0,2.2899,2.5,2068.0,46.0,12.0,6.5401,30000.0,0.6915,7.0,7.0,11.0,1.0,12.0,27.31395,0.8285082,144.0
1.0,3640.0,0.0,0.0,58.0,12.0,1.0989,0.0,2010.0,58.0,12.0,7.2139,18500.0,0.6915,7.0,3.0,9.5,1.0,32.0,14.5,0.0943096,1024.0
1.0,340.0,0.0,8.0,37.0,12.0,1.1765,0.0,2152.0,40.0,10.0,6.2732,16658.0,0.7515,12.0,7.0,5.0,0.0,15.0,16.25799,0.1625439,225.0
1.0,500.0,0.0,0.0,52.0,8.0,1.6,0.0,1496.0,54.0,11.0,5.8824,10300.0,0.7515,7.0,7.0,5.0,1.0,17.0,9.5,0.4700036,289.0
1.0,1599.0,0.0,0.0,52.0,10.0,1.8762,2.8,2100.0,47.0,4.0,3.8095,11000.0,0.7515,7.0,3.0,7.5,0.0,34.0,7.999956,0.6292484,1156.0
1.0,1830.0,0.0,0.0,31.0,16.0,4.0437,4.2,1960.0,35.0,14.0,6.3776,19900.0,0.6915,12.0,12.0,7.5,1.0,9.0,12.50003,1.39716,81.0
1.0,1920.0,0.0,0.0,55.0,14.0,9.6354,8.75,1985.0,55.0,15.0,6.0453,32500.0,0.64,7.0,7.0,14.0,1.0,37.0,14.00003,2.265444,1369.0
1.0,2052.0,0.0,0.0,34.0,17.0,8.0409,8.25,2020.0,33.0,17.0,8.8119,37300.0,0.58,17.0,17.0,7.5,1.0,10.0,20.80007,2.084541,100.0
1.0,2312.0,0.0,0.0,55.0,14.0,4.599,5.58,2178.0,56.0,16.0,8.8765,30018.0,0.5815,17.0,7.0,11.0,1.0,35.0,19.38511,1.525839,1225.0
1.0,196.0,0.0,2.0,39.0,12.0,2.1429,2.5,3684.0,39.0,12.0,3.342,12807.0,0.7515,12.0,7.0,14.0,1.0,6.0,12.38699,0.7621601,36.0
1.0,2500.0,0.0,3.0,40.0,14.0,4.4,5.5,5010.0,42.0,13.0,3.1836,39500.0,0.5515,14.0,3.0,7.5,0.0,19.0,28.5,1.481605,361.0
1.0,1980.0,0.0,4.0,43.0,12.0,3.5354,3.75,1880.0,47.0,12.0,6.9149,22050.0,0.6915,12.0,12.0,9.5,1.0,10.0,15.04991,1.262826,100.0
1.0,1840.0,0.0,0.0,48.0,8.0,2.7174,4.8,1904.0,56.0,8.0,5.5147,15500.0,0.7215,7.0,7.0,14.0,1.0,11.0,10.49998,0.9996756,121.0
1.0,320.0,0.0,0.0,47.0,12.0,6.25,6.25,2083.0,47.0,12.0,5.2808,13810.0,0.7215,7.0,7.0,9.5,1.0,15.0,11.81,1.832582,225.0
1.0,419.0,0.0,4.0,41.0,12.0,11.933,6.3,2125.0,44.0,12.0,3.2,11950.0,0.7515,7.0,7.0,5.0,1.0,12.0,6.950073,2.479308,144.0
1.0,1880.0,0.0,0.0,36.0,8.0,3.5931,3.75,1985.0,37.0,12.0,5.8791,19175.0,0.6915,12.0,12.0,7.5,0.0,12.0,12.41997,1.279015,144.0
1.0,72.0,0.0,2.0,46.0,17.0,6.9444,0.0,2640.0,48.0,17.0,6.25,17900.0,0.6915,12.0,16.0,7.5,0.0,14.0,17.4,1.937936,196.0
1.0,120.0,0.0,0.0,34.0,12.0,2.9167,0.0,2070.0,51.0,8.0,7.4879,15850.0,0.7215,12.0,7.0,5.0,1.0,11.0,15.5,1.070453,121.0
1.0,1885.0,0.0,3.0,41.0,12.0,3.0769,2.9,2107.0,48.0,8.0,6.9767,27017.0,0.6915,7.0,7.0,5.0,1.0,9.0,21.21704,1.123923,81.0
1.0,240.0,0.0,1.0,51.0,12.0,3.75,0.0,2250.0,54.0,10.0,8.0,18900.0,0.6915,12.0,7.0,5.0,0.0,24.0,18.0,1.321756,576.0
1.0,1729.0,0.0,0.0,33.0,12.0,5.7259,4.76,2880.0,34.0,16.0,4.1319,21800.0,0.6915,12.0,12.0,7.5,1.0,12.0,11.89992,1.745,144.0
1.0,1850.0,0.0,0.0,52.0,12.0,3.6757,3.4,1848.0,53.0,12.0,14.476,33552.0,0.5515,10.0,10.0,7.5,1.0,13.0,26.75196,1.301744,169.0
1.0,2033.0,0.0,0.0,58.0,9.0,5.1648,4.32,1927.0,53.0,7.0,5.7343,22650.0,0.6615,7.0,9.0,7.5,1.0,29.0,12.14996,1.641866,841.0
1.0,608.0,2.0,4.0,34.0,10.0,8.2237,3.0,1304.0,38.0,9.0,3.3742,15200.0,0.7915,0.0,0.0,7.5,1.0,11.0,10.19999,2.10702,121.0
1.0,1153.0,0.0,1.0,31.0,12.0,4.3365,4.52,3000.0,35.0,12.0,1.8333,13120.0,0.7215,7.0,10.0,7.5,1.0,13.0,8.120015,1.467068,169.0
1.0,2208.0,0.0,1.0,48.0,12.0,4.9819,5.31,1892.0,52.0,12.0,5.6025,21660.0,0.6615,12.0,14.0,5.0,1.0,19.0,10.65996,1.605811,361.0
1.0,252.0,0.0,2.0,32.0,12.0,0.3571,0.0,3644.0,32.0,12.0,4.2975,18190.0,0.7215,7.0,7.0,3.0,0.0,2.0,18.10001,-1.029739,4.0
1.0,337.0,0.0,0.0,49.0,17.0,2.9674,0.0,1430.0,47.0,17.0,3.9161,9600.0,0.7515,3.0,3.0,14.0,1.0,24.0,8.599986,1.087686,576.0
1.0,90.0,2.0,2.0,32.0,15.0,1.0,0.0,2350.0,31.0,14.0,4.8787,13755.0,0.7515,10.0,12.0,7.5,1.0,9.0,13.665,0.0,81.0
1.0,1174.0,0.0,0.0,58.0,12.0,2.5554,4.87,1948.0,59.0,16.0,9.2402,35350.0,0.6615,7.0,12.0,7.5,1.0,6.0,32.34996,0.9382087,36.0
1.0,372.0,0.0,0.0,50.0,6.0,0.8602,2.25,1804.0,42.0,12.0,6.6519,12405.0,0.7215,12.0,7.0,7.5,1.0,22.0,12.08501,-0.1505904,484.0
1.0,30.0,0.0,0.0,60.0,14.0,1.0,0.0,2326.0,51.0,12.0,4.6217,12180.0,0.7515,12.0,17.0,9.5,0.0,30.0,12.15,0.0,900.0
1.0,1800.0,0.0,1.0,50.0,12.0,2.9261,0.0,1739.0,55.0,11.0,9.9741,22962.0,0.6615,7.0,3.0,7.5,1.0,10.0,17.69502,1.073671,100.0
1.0,282.0,0.0,0.0,56.0,14.0,3.5461,2.5,1176.0,57.0,17.0,20.918,25700.0,0.6215,7.0,7.0,9.5,1.0,6.0,24.7,1.265848,36.0
1.0,720.0,0.0,0.0,51.0,9.0,1.6264,2.2,1100.0,55.0,8.0,1.94,3305.0,0.7915,7.0,7.0,3.0,0.0,29.0,2.133992,0.486369,841.0
1.0,1440.0,0.0,1.0,54.0,17.0,8.3333,6.0,1528.0,58.0,17.0,8.8351,32950.0,0.5815,7.0,12.0,5.0,1.0,29.0,20.95005,2.12026,841.0
1.0,2100.0,0.0,0.0,59.0,13.0,3.0952,2.95,2250.0,52.0,15.0,4.6667,17000.0,0.6915,7.0,7.0,5.0,1.0,36.0,10.50008,1.129853,1296.0
1.0,1000.0,0.0,2.0,46.0,9.0,2.7,2.35,1927.0,47.0,10.0,5.1894,13250.0,0.7515,7.0,7.0,5.0,1.0,19.0,10.55,0.9932518,361.0
1.0,952.0,0.0,1.0,46.0,15.0,5.2521,0.0,2414.0,47.0,16.0,18.724,50750.0,0.4415,7.0,12.0,5.0,1.0,8.0,45.75,1.658628,64.0
1.0,1413.0,1.0,3.0,39.0,12.0,1.4154,2.2,768.0,49.0,8.0,10.417,15632.0,0.7715,10.0,10.0,14.0,0.0,13.0,13.63204,0.3474122,169.0
1.0,2100.0,0.0,2.0,44.0,12.0,4.7986,4.85,1984.0,43.0,14.0,8.8458,28316.0,0.6215,7.0,0.0,11.0,1.0,16.0,18.23894,1.568324,256.0
1.0,120.0,2.0,0.0,33.0,12.0,1.6667,2.37,2246.0,36.0,12.0,7.569,17290.0,0.7215,12.0,12.0,9.5,1.0,11.0,17.09,0.5108456,121.0
1.0,3000.0,1.0,2.0,33.0,12.0,1.1217,0.0,3024.0,30.0,17.0,4.4507,33600.0,0.6215,10.0,10.0,7.5,1.0,15.0,30.2349,0.1148454,225.0
1.0,1000.0,0.0,2.0,48.0,12.0,0.5,0.0,2921.0,52.0,12.0,9.3204,29200.0,0.6215,12.0,7.0,9.0,1.0,6.0,28.7,-0.6931472,36.0
1.0,336.0,0.0,4.0,31.0,12.0,0.7143,0.0,2045.0,37.0,17.0,9.1687,19870.0,0.6915,7.0,7.0,11.0,0.0,13.0,19.63,-0.3364523,169.0
1.0,1216.0,0.0,1.0,45.0,12.0,2.7961,2.9,1928.0,44.0,12.0,6.4834,16225.0,0.7215,7.0,7.0,11.0,0.0,22.0,12.82494,1.028226,484.0
1.0,988.0,0.0,1.0,45.0,12.0,4.8583,4.5,1920.0,44.0,10.0,7.8125,28600.0,0.6915,7.0,3.0,5.0,1.0,24.0,23.8,1.580689,576.0
1.0,2581.0,0.0,2.0,32.0,13.0,1.7435,2.6,2280.0,37.0,17.0,11.404,30800.0,0.5815,14.0,12.0,7.5,1.0,2.0,26.30003,0.5558946,4.0
1.0,2030.0,0.0,0.0,47.0,12.0,2.4631,2.8,2300.0,47.0,17.0,5.087,25700.0,0.6915,7.0,7.0,3.0,0.0,6.0,20.69991,0.9014207,36.0
1.0,413.0,0.0,2.0,34.0,13.0,2.4213,3.0,2480.0,35.0,13.0,6.9758,27000.0,0.6215,12.0,12.0,3.0,0.0,2.0,26.0,0.8843046,4.0
1.0,782.0,0.0,1.0,37.0,12.0,1.5345,2.3,1135.0,34.0,10.0,5.2863,12077.0,0.7715,12.0,7.0,9.5,1.0,2.0,10.87702,0.4282046,4.0
1.0,1388.0,0.0,1.0,36.0,12.0,2.8818,1.87,1384.0,39.0,12.0,11.562,29612.0,0.6615,7.0,7.0,11.0,0.0,14.0,25.61206,1.058415,196.0
1.0,1450.0,1.0,2.0,47.0,12.0,2.4069,3.0,1848.0,50.0,14.0,8.6061,24479.0,0.6915,7.0,10.0,9.5,1.0,9.0,20.98899,0.8783396,81.0
1.0,1720.0,0.0,1.0,48.0,16.0,5.2326,4.68,2499.0,46.0,17.0,12.805,79750.0,0.4415,14.0,14.0,7.5,1.0,11.0,70.74993,1.654908,121.0
1.0,800.0,0.0,2.0,42.0,12.0,3.75,2.5,2390.0,43.0,12.0,6.6946,20050.0,0.6915,12.0,7.0,11.0,0.0,9.0,17.05,1.321756,81.0
1.0,360.0,0.0,3.0,33.0,13.0,1.3889,0.0,2400.0,44.0,14.0,8.3333,21500.0,0.6915,10.0,12.0,11.0,1.0,6.0,21.0,0.3285121,36.0
1.0,2000.0,0.0,0.0,46.0,11.0,4.0,4.61,1920.0,53.0,8.0,4.1667,16120.0,0.6915,7.0,7.0,5.0,0.0,19.0,8.12,1.386294,361.0
1.0,1176.0,0.0,3.0,47.0,12.0,3.2313,3.35,2301.0,48.0,13.0,5.4759,24686.0,0.7215,7.0,7.0,9.5,0.0,26.0,20.88599,1.172885,676.0
1.0,2058.0,0.0,1.0,44.0,12.0,3.4014,3.8,1944.0,43.0,10.0,5.144,24669.0,0.6915,7.0,10.0,9.5,1.0,19.0,17.66892,1.224187,361.0
1.0,900.0,0.0,4.0,36.0,12.0,1.3333,2.2,2100.0,37.0,17.0,11.667,26400.0,0.6615,7.0,7.0,7.5,1.0,3.0,25.20003,0.2876571,9.0
1.0,215.0,2.0,0.0,31.0,17.0,9.3023,9.98,1920.0,32.0,16.0,7.2917,16245.0,0.7215,12.0,12.0,7.5,1.0,7.0,14.24501,2.230262,49.0
1.0,2000.0,0.0,0.0,55.0,14.0,4.5,4.37,2880.0,55.0,14.0,4.8611,23300.0,0.6615,7.0,7.0,9.5,1.0,28.0,14.3,1.504077,784.0
1.0,757.0,0.0,1.0,45.0,16.0,4.6235,4.5,1932.0,48.0,16.0,12.164,27200.0,0.6215,12.0,7.0,9.5,1.0,13.0,23.70001,1.531152,169.0
1.0,1264.0,0.0,0.0,47.0,17.0,3.9557,0.0,3234.0,48.0,17.0,10.823,51000.0,0.4615,10.0,17.0,9.5,1.0,9.0,46.0,1.375158,81.0
1.0,2064.0,0.0,3.0,46.0,12.0,5.814,6.0,2805.0,47.0,12.0,12.478,55000.0,0.4615,10.0,7.0,14.0,1.0,15.0,42.9999,1.760269,225.0
1.0,1280.0,0.0,0.0,49.0,11.0,0.5,0.0,2272.0,52.0,9.0,6.162,15389.0,0.7215,7.0,7.0,7.5,1.0,20.0,14.749,-0.6931472,400.0
1.0,1715.0,0.0,0.0,49.0,12.0,4.0816,3.75,2227.0,52.0,14.0,7.1846,23150.0,0.6615,7.0,7.0,9.5,1.0,29.0,16.15005,1.406489,841.0
1.0,2000.0,0.0,2.0,45.0,12.0,6.0,4.95,1720.0,49.0,6.0,7.093,29774.0,0.6215,7.0,10.0,14.0,1.0,9.0,17.774,1.791759,81.0
1.0,12.0,1.0,3.0,38.0,17.0,3.6667,0.0,2300.0,38.0,13.0,17.826,91044.0,0.4415,12.0,10.0,14.0,1.0,1.0,91.0,1.299292,1.0
1.0,1528.0,0.0,0.0,47.0,10.0,3.8613,2.95,3410.0,50.0,12.0,6.393,28200.0,0.5815,7.0,12.0,14.0,1.0,8.0,22.29993,1.351004,64.0
1.0,561.0,0.0,3.0,54.0,13.0,2.7629,2.53,2304.0,57.0,16.0,11.719,36150.0,0.5515,7.0,7.0,9.5,1.0,19.0,34.60001,1.016281,361.0
1.0,2058.0,0.0,0.0,41.0,11.0,2.931,2.9,1984.0,42.0,12.0,4.7883,15652.0,0.7215,12.0,12.0,7.5,0.0,23.0,9.620002,1.075344,529.0
1.0,1823.0,0.0,2.0,43.0,12.0,4.3884,4.2,1890.0,33.0,14.0,4.2328,18900.0,0.7515,14.0,7.0,11.0,0.0,3.0,10.89995,1.478965,9.0
1.0,1680.0,1.0,1.0,31.0,16.0,5.4167,4.7,1970.0,32.0,12.0,7.1066,23600.0,0.6615,12.0,10.0,7.5,0.0,13.0,14.49994,1.689487,169.0
1.0,1440.0,0.0,0.0,47.0,17.0,9.8611,7.1,2400.0,46.0,12.0,8.3333,36200.0,0.61,7.0,7.0,7.5,1.0,8.0,22.00002,2.288598,64.0
1.0,4950.0,0.0,2.0,35.0,12.0,0.1616,2.75,2504.0,37.0,12.0,6.9888,18700.0,0.6915,10.0,10.0,7.5,0.0,17.0,17.90008,-1.822631,289.0
1.0,1176.0,0.0,3.0,45.0,16.0,0.3826,3.75,2398.0,48.0,17.0,9.5913,24125.0,0.6615,7.0,7.0,11.0,1.0,4.0,23.67506,-0.9607652,16.0
1.0,1100.0,1.0,0.0,33.0,12.0,3.6364,3.58,1960.0,39.0,12.0,6.0204,15800.0,0.7215,7.0,7.0,7.5,0.0,15.0,11.79996,1.290994,225.0
1.0,1516.0,0.0,1.0,54.0,16.0,2.3747,2.4,2550.0,55.0,12.0,2.9686,19742.0,0.7215,12.0,7.0,3.0,0.0,11.0,16.14195,0.8648711,121.0
1.0,900.0,0.0,4.0,35.0,8.0,4.6667,3.95,2500.0,41.0,12.0,7.0,22600.0,0.6915,10.0,7.0,9.5,0.0,7.0,18.39997,1.540452,49.0
1.0,1080.0,1.0,2.0,31.0,12.0,1.8519,2.25,2164.0,37.0,10.0,7.1627,17500.0,0.7215,7.0,7.0,7.5,0.0,0.0,15.49995,0.6162121,0.0
1.0,480.0,0.0,0.0,55.0,12.0,5.2,0.0,2640.0,60.0,12.0,4.7364,19820.0,0.6915,7.0,7.0,7.5,0.0,0.0,17.324,1.648659,0.0
1.0,288.0,0.0,2.0,34.0,12.0,3.2986,4.62,1936.0,36.0,12.0,8.781,20155.0,0.6915,12.0,16.0,11.0,1.0,10.0,19.205,1.193498,100.0
1.0,1875.0,0.0,1.0,38.0,13.0,8.5333,8.5,2136.0,41.0,12.0,9.8315,37300.0,0.58,10.0,12.0,7.5,1.0,8.0,21.30006,2.143976,64.0
1.0,630.0,0.0,1.0,45.0,11.0,2.0635,0.0,1955.0,51.0,10.0,6.6496,24860.0,0.7215,7.0,7.0,7.5,1.0,2.0,23.56,0.7244036,4.0
1.0,234.0,0.0,1.0,47.0,12.0,2.5641,2.5,1980.0,48.0,10.0,9.8485,21450.0,0.6615,12.0,3.0,7.5,1.0,4.0,20.85,0.9416075,16.0
1.0,1600.0,0.0,2.0,39.0,12.0,2.1875,0.0,2550.0,42.0,11.0,9.8039,29650.0,0.6215,7.0,7.0,5.0,1.0,6.0,26.15,0.7827594,36.0
1.0,960.0,1.0,0.0,36.0,14.0,6.25,0.0,2058.0,37.0,13.0,8.2604,23000.0,0.6615,7.0,7.0,11.0,1.0,18.0,17.0,1.832582,324.0
1.0,120.0,1.0,2.0,33.0,12.0,3.3333,0.0,2263.0,32.0,14.0,9.0676,21120.0,0.6915,7.0,7.0,9.0,1.0,3.0,20.72,1.203963,9.0
1.0,2025.0,0.0,0.0,50.0,12.0,4.4444,4.8,1763.0,54.0,13.0,8.5082,26000.0,0.6215,7.0,12.0,5.0,1.0,22.0,17.00009,1.491645,484.0
1.0,1809.0,0.0,0.0,58.0,12.0,6.6335,6.45,2096.0,59.0,14.0,7.1565,28000.0,0.6215,3.0,7.0,7.5,1.0,33.0,16.0,1.892133,1089.0
1.0,3087.0,0.0,0.0,49.0,17.0,8.4224,9.98,2059.0,47.0,13.0,7.0423,45500.0,0.52,12.0,12.0,11.0,1.0,28.0,19.50005,2.130895,784.0
1.0,910.0,0.0,2.0,41.0,14.0,4.3956,0.0,1820.0,40.0,17.0,6.5934,16000.0,0.7215,16.0,12.0,14.0,1.0,23.0,12.0,1.480604,529.0
1.0,1840.0,0.0,1.0,51.0,12.0,2.4457,2.5,2832.0,53.0,8.0,4.3457,18232.0,0.6915,7.0,14.0,11.0,0.0,27.0,13.73191,0.8943313,729.0
1.0,784.0,0.0,0.0,53.0,9.0,1.2245,2.25,1990.0,60.0,10.0,7.2362,28160.0,0.7215,3.0,7.0,14.0,1.0,11.0,27.19999,0.2025325,121.0
1.0,400.0,1.0,2.0,36.0,12.0,1.625,0.0,2000.0,40.0,7.0,1.74,5965.0,0.8015,12.0,7.0,11.0,1.0,6.0,5.315,0.4855078,36.0
1.0,1000.0,0.0,2.0,46.0,12.0,3.0,5.5,1885.0,46.0,12.0,6.8966,19000.0,0.7215,7.0,7.0,9.5,1.0,11.0,16.0,1.098612,121.0
1.0,1904.0,0.0,2.0,36.0,12.0,4.7269,4.2,2860.0,37.0,12.0,5.0455,36872.0,0.5515,12.0,12.0,11.0,1.0,14.0,27.87198,1.55327,196.0
1.0,1771.0,0.0,1.0,53.0,14.0,1.1293,9.98,1913.0,48.0,16.0,17.25,42000.0,0.4915,12.0,12.0,14.0,1.0,17.0,40.00001,0.121598,289.0
1.0,1486.0,0.0,3.0,40.0,16.0,7.4024,6.25,1800.0,54.0,16.0,8.3333,26900.0,0.6215,16.0,14.0,11.0,1.0,17.0,15.90003,2.001804,289.0
1.0,740.0,0.0,2.0,42.0,17.0,4.4595,1.65,2880.0,45.0,16.0,9.375,30800.0,0.5815,12.0,10.0,9.0,0.0,14.0,27.49997,1.495037,196.0
1.0,1820.0,1.0,1.0,33.0,15.0,2.4725,0.0,1993.0,32.0,16.0,8.279,21520.0,0.6915,12.0,12.0,11.0,1.0,11.0,17.02005,0.9052298,121.0
1.0,1275.0,0.0,3.0,43.0,12.0,1.8824,3.0,2250.0,47.0,14.0,4.5,24795.0,0.6915,7.0,7.0,7.5,1.0,7.0,22.39494,0.6325476,49.0
1.0,450.0,1.0,0.0,31.0,16.0,4.0,4.0,2286.0,30.0,16.0,4.1995,12900.0,0.7215,14.0,16.0,14.0,1.0,8.0,11.1,1.386294,64.0
1.0,1221.0,0.0,0.0,47.0,17.0,8.19,5.99,1880.0,47.0,16.0,16.064,42700.0,0.4915,7.0,7.0,7.5,1.0,6.0,32.70001,2.102914,36.0
1.0,1550.0,0.0,0.0,54.0,17.0,7.0968,6.0,2350.0,58.0,17.0,11.277,38800.0,0.5215,10.0,17.0,11.0,1.0,8.0,27.79996,1.959644,64.0
1.0,180.0,1.0,3.0,33.0,12.0,1.6667,0.0,3640.0,33.0,11.0,0.5494,2500.0,0.9415,7.0,3.0,3.0,0.0,4.0,2.199994,0.5108456,16.0
1.0,2090.0,0.0,0.0,43.0,16.0,3.445,3.85,1770.0,47.0,14.0,9.548,26921.0,0.6215,14.0,10.0,11.0,1.0,25.0,19.72095,1.236924,625.0
1.0,1960.0,0.0,1.0,46.0,13.0,4.2347,4.2,1875.0,49.0,13.0,5.3333,18300.0,0.6915,7.0,9.0,3.0,0.0,24.0,9.999988,1.443313,576.0
1.0,1440.0,0.0,3.0,35.0,12.0,2.7778,4.1,2200.0,38.0,9.0,5.4545,17200.0,0.7215,7.0,7.0,14.0,1.0,11.0,13.19997,1.021659,121.0
1.0,794.0,0.0,3.0,37.0,11.0,1.8892,3.85,2033.0,39.0,12.0,5.9026,14209.0,0.7515,12.0,3.0,9.5,1.0,19.0,12.70897,0.6361535,361.0
1.0,993.0,0.0,2.0,37.0,16.0,5.0352,8.3,2739.0,39.0,17.0,9.8576,32300.0,0.5815,12.0,16.0,14.0,1.0,9.0,27.30005,1.616453,81.0
1.0,160.0,0.0,3.0,34.0,14.0,1.25,0.0,1626.0,38.0,14.0,11.685,21400.0,0.7215,17.0,12.0,7.5,1.0,19.0,21.2,0.2231435,361.0
1.0,105.0,1.0,0.0,43.0,16.0,2.8571,0.0,2248.0,44.0,17.0,6.2278,14700.0,0.7215,7.0,7.0,9.5,0.0,14.0,14.4,1.049807,196.0
1.0,1200.0,0.0,0.0,46.0,12.0,4.1167,4.33,2140.0,48.0,12.0,9.1748,25516.0,0.6215,7.0,7.0,9.5,1.0,22.0,20.57596,1.415052,484.0
1.0,450.0,0.0,3.0,35.0,9.0,1.7778,2.6,1985.0,42.0,12.0,6.2972,13300.0,0.7515,3.0,7.0,5.0,1.0,6.0,12.49999,0.5753766,36.0
1.0,996.0,0.0,0.0,46.0,17.0,13.554,9.98,1528.0,59.0,17.0,10.471,31000.0,0.5815,12.0,12.0,9.5,1.0,23.0,17.50022,2.606682,529.0
1.0,1052.0,0.0,0.0,46.0,14.0,4.5627,4.9,1920.0,48.0,16.0,14.583,48800.0,0.4915,7.0,3.0,11.0,1.0,15.0,44.00004,1.517915,225.0
1.0,1128.0,0.0,2.0,43.0,12.0,2.1277,2.4,1918.0,46.0,10.0,6.2143,15519.0,0.7215,7.0,7.0,14.0,1.0,6.0,13.11895,0.7550416,36.0
1.0,1840.0,0.0,0.0,30.0,12.0,2.9891,3.75,2112.0,30.0,12.0,6.6288,19500.0,0.6915,7.0,7.0,7.5,0.0,11.0,14.00006,1.094972,121.0
1.0,1910.0,0.0,2.0,41.0,11.0,2.5654,2.57,2144.0,46.0,9.0,3.8246,14545.0,0.7215,3.0,7.0,5.0,0.0,2.0,9.645086,0.9421144,4.0
1.0,980.0,0.0,1.0,54.0,12.0,5.6122,5.0,1920.0,54.0,15.0,7.8125,22897.0,0.6915,7.0,7.0,14.0,1.0,22.0,17.39705,1.724943,484.0
1.0,2317.0,0.0,1.0,31.0,12.0,2.8054,3.87,2241.0,41.0,9.0,3.4806,14300.0,0.7215,10.0,10.0,7.5,1.0,10.0,7.799889,1.031546,100.0
1.0,1089.0,0.0,0.0,44.0,10.0,1.607,0.0,880.0,47.0,11.0,5.55,14884.0,0.7515,10.0,10.0,9.5,1.0,14.0,13.13398,0.4743691,196.0
1.0,800.0,0.0,1.0,32.0,12.0,2.25,0.0,2070.0,31.0,16.0,11.594,27400.0,0.6215,12.0,7.0,11.0,1.0,12.0,25.6,0.8109302,144.0
1.0,1230.0,0.0,0.0,47.0,5.0,2.0325,2.82,1050.0,53.0,5.0,9.5238,16400.0,0.7215,7.0,12.0,14.0,1.0,9.0,13.90003,0.7092666,81.0
1.0,1158.0,0.0,1.0,46.0,17.0,5.532,8.1,2635.0,57.0,17.0,7.2805,25704.0,0.6215,14.0,17.0,7.5,0.0,13.0,19.29794,1.710549,169.0
1.0,2272.0,0.0,0.0,37.0,11.0,1.5845,3.71,3000.0,47.0,8.0,3.0,12800.0,0.7215,10.0,10.0,7.5,0.0,18.0,9.200016,0.4602689,324.0
1.0,528.0,0.0,2.0,51.0,12.0,3.7879,0.0,2500.0,50.0,11.0,10.4,40000.0,0.6215,7.0,7.0,7.5,0.0,8.0,37.99999,1.331812,64.0
1.0,1000.0,0.0,1.0,49.0,12.0,3.0,0.0,1990.0,49.0,12.0,10.05,47000.0,0.6615,7.0,7.0,14.0,1.0,11.0,44.0,1.098612,121.0
1.0,520.0,0.0,4.0,36.0,14.0,8.6538,0.0,2390.0,37.0,13.0,8.7866,25872.0,0.6615,10.0,12.0,9.5,1.0,9.0,21.37202,2.157999,81.0
1.0,760.0,0.0,1.0,39.0,11.0,4.2105,3.95,1430.0,44.0,12.0,10.14,26868.0,0.6915,12.0,7.0,9.5,1.0,9.0,23.66802,1.437581,81.0
1.0,1920.0,0.0,2.0,48.0,12.0,4.6875,4.3,1800.0,50.0,8.0,5.0,18000.0,0.6915,12.0,12.0,9.5,1.0,14.0,9.0,1.544899,196.0
1.0,1220.0,0.0,2.0,38.0,14.0,4.0984,4.84,2103.0,43.0,17.0,11.888,30200.0,0.5815,7.0,7.0,5.0,1.0,9.0,25.19995,1.410597,81.0
1.0,200.0,0.0,2.0,40.0,12.0,25.0,3.0,1350.0,42.0,12.0,13.333,26220.0,0.6615,7.0,7.0,7.5,1.0,2.0,21.22,3.218876,4.0
1.0,2480.0,1.0,5.0,39.0,10.0,2.6331,4.2,2880.0,36.0,17.0,8.6806,40500.0,0.5815,7.0,7.0,3.0,0.0,12.0,33.96991,0.9681619,144.0
1.0,2750.0,0.0,0.0,37.0,16.0,6.0,9.0,2400.0,43.0,17.0,7.2917,33570.0,0.61,12.0,7.0,7.5,1.0,15.0,17.07,1.791759,225.0
1.0,2014.0,0.0,1.0,49.0,13.0,5.4126,4.05,1135.0,47.0,12.0,3.5242,16917.0,0.7215,7.0,14.0,14.0,1.0,11.0,6.016024,1.68873,121.0
1.0,1355.0,0.0,3.0,33.0,12.0,0.6642,1.0,2750.0,35.0,17.0,6.1818,18000.0,0.7215,12.0,7.0,9.5,0.0,7.0,17.10001,-0.409172,49.0
1.0,80.0,0.0,0.0,30.0,12.0,1.25,0.0,2085.0,32.0,16.0,2.9755,8337.0,0.7515,12.0,12.0,11.0,1.0,9.0,8.237,0.2231435,81.0
1.0,1670.0,0.0,0.0,54.0,12.0,2.2754,2.1,2600.0,56.0,8.0,4.5769,17100.0,0.7215,12.0,7.0,9.5,0.0,19.0,13.30008,0.8221558,361.0
1.0,520.0,0.0,4.0,39.0,11.0,3.4615,3.05,3542.0,40.0,12.0,3.1056,17800.0,0.7515,10.0,7.0,11.0,0.0,11.0,16.00002,1.241702,121.0
1.0,288.0,0.0,3.0,43.0,12.0,4.1667,3.0,1975.0,43.0,12.0,5.8228,13740.0,0.7515,12.0,12.0,14.0,1.0,8.0,12.53999,1.427124,64.0
1.0,2014.0,0.0,3.0,31.0,9.0,4.4687,4.26,2400.0,32.0,12.0,7.5,27000.0,0.6215,10.0,3.0,9.5,1.0,13.0,18.00004,1.497097,169.0
1.0,800.0,0.0,3.0,33.0,13.0,1.75,0.0,3000.0,37.0,14.0,8.3333,32600.0,0.6215,12.0,7.0,7.5,1.0,4.0,31.2,0.5596158,16.0
1.0,1984.0,0.0,3.0,40.0,12.0,3.6694,4.25,1960.0,39.0,14.0,9.2347,28030.0,0.6615,12.0,12.0,14.0,1.0,7.0,20.74991,1.300028,49.0
1.0,1823.0,0.0,1.0,36.0,12.0,6.5826,6.0,2000.0,39.0,9.0,5.5,23100.0,0.6615,12.0,12.0,3.0,0.0,19.0,11.09992,1.88443,361.0
1.0,1500.0,0.0,0.0,51.0,12.0,2.6,2.0,3000.0,51.0,12.0,6.0,24580.0,0.6615,7.0,7.0,9.5,1.0,14.0,20.68,0.9555114,196.0
1.0,2261.0,0.0,1.0,44.0,13.0,4.8651,5.5,2400.0,43.0,12.0,6.6667,29000.0,0.6215,12.0,7.0,9.5,1.0,14.0,18.00001,1.582087,196.0
1.0,1728.0,0.0,3.0,42.0,16.0,5.787,6.25,2450.0,48.0,14.0,13.061,42430.0,0.5215,12.0,14.0,9.5,1.0,3.0,32.43007,1.755614,9.0
1.0,1960.0,0.0,1.0,40.0,12.0,4.5408,5.0,2423.0,40.0,8.0,12.794,41800.0,0.5215,12.0,12.0,7.5,1.0,9.0,32.90003,1.513103,81.0
1.0,1578.0,1.0,1.0,34.0,16.0,9.5057,7.72,2000.0,33.0,16.0,12.0,39100.0,0.58,12.0,17.0,9.5,1.0,7.0,24.10001,2.251892,49.0
1.0,1316.0,0.0,0.0,30.0,17.0,10.638,7.0,2526.0,41.0,16.0,6.73,31800.0,0.5815,16.0,17.0,11.0,1.0,7.0,17.80039,2.364432,49.0
1.0,1530.0,0.0,0.0,54.0,12.0,1.1111,1.13,2695.0,53.0,12.0,6.679,22200.0,0.6915,7.0,7.0,14.0,0.0,14.0,20.50002,0.1053505,196.0
1.0,2220.0,0.0,0.0,51.0,12.0,4.0541,4.37,2048.0,54.0,12.0,4.3945,19500.0,0.6915,16.0,7.0,3.0,0.0,29.0,10.4999,1.399729,841.0
1.0,1336.0,0.0,2.0,44.0,9.0,2.6871,2.64,1920.0,46.0,11.0,4.6875,14027.0,0.7515,7.0,10.0,11.0,0.0,19.0,10.43703,0.9884625,361.0
1.0,1008.0,0.0,1.0,43.0,12.0,2.9762,2.5,2338.0,42.0,9.0,7.6989,21195.0,0.6615,7.0,7.0,11.0,1.0,14.0,18.19499,1.090647,196.0
1.0,1944.0,0.0,1.0,34.0,12.0,3.1728,3.23,2945.0,37.0,8.0,4.3287,19013.0,0.6915,10.0,7.0,7.5,0.0,16.0,12.84508,1.154614,256.0
1.0,2000.0,0.0,0.0,45.0,13.0,3.55,3.45,2047.0,52.0,12.0,6.7416,20900.0,0.6615,12.0,7.0,11.0,1.0,10.0,13.8,1.266948,100.0
1.0,258.0,0.0,0.0,39.0,12.0,17.907,0.0,1668.0,47.0,7.0,9.3525,26820.0,0.6215,10.0,3.0,11.0,0.0,12.0,22.2,2.885192,144.0
1.0,1785.0,0.0,0.0,50.0,12.0,3.4174,5.75,175.0,48.0,10.0,9.1429,12800.0,0.7515,0.0,0.0,14.0,1.0,24.0,6.699941,1.22888,576.0
1.0,480.0,0.0,0.0,52.0,12.0,3.3333,0.0,1798.0,53.0,12.0,2.6418,7850.0,0.7515,7.0,7.0,14.0,0.0,6.0,6.250016,1.203963,36.0
1.0,772.0,0.0,2.0,41.0,12.0,3.886,7.5,1222.0,45.0,12.0,7.365,18600.0,0.7215,12.0,12.0,7.5,1.0,9.0,15.60001,1.35738,81.0
1.0,900.0,0.0,0.0,59.0,10.0,2.3111,2.22,1820.0,59.0,7.0,1.4066,5380.0,0.7715,12.0,7.0,5.0,0.0,14.0,3.30001,0.8377236,196.0
1.0,1428.0,0.0,0.0,52.0,12.0,1.7108,2.5,1560.0,60.0,8.0,1.5192,6114.0,0.7715,10.0,7.0,14.0,0.0,26.0,3.670978,0.5369611,676.0
1.0,210.0,0.0,0.0,46.0,16.0,2.1143,4.0,2210.0,49.0,12.0,3.3439,8234.0,0.7515,12.0,12.0,14.0,0.0,7.0,7.789997,0.7487238,49.0
1.0,239.0,1.0,5.0,41.0,12.0,9.9331,4.5,2874.0,48.0,16.0,2.9106,20646.0,0.7215,3.0,7.0,11.0,1.0,4.0,18.27199,2.295873,16.0
1.0,1878.0,0.0,2.0,33.0,11.0,3.0277,3.5,2499.0,35.0,8.0,4.3834,16640.0,0.7215,7.0,7.0,9.5,0.0,15.0,10.95398,1.107803,225.0
1.0,215.0,0.0,0.0,45.0,12.0,1.8605,2.3,3088.0,38.0,12.0,4.2098,13900.0,0.7215,12.0,12.0,5.0,1.0,23.0,13.49999,0.6208453,529.0
1.0,2340.0,1.0,2.0,36.0,10.0,0.1282,0.0,2020.0,37.0,8.0,3.7129,11500.0,0.7815,10.0,7.0,7.5,0.0,1.0,11.20001,-2.054164,1.0
1.0,1960.0,0.0,1.0,48.0,12.0,6.6327,6.3,1980.0,56.0,10.0,10.606,34000.0,0.5515,7.0,7.0,14.0,1.0,29.0,20.99991,1.892012,841.0
1.0,532.0,0.0,1.0,47.0,12.0,5.6391,3.6,1968.0,47.0,11.0,8.6382,28700.0,0.6615,7.0,3.0,11.0,1.0,9.0,25.7,1.729725,81.0
1.0,394.0,0.0,0.0,45.0,12.0,1.599,2.5,2100.0,45.0,12.0,3.8367,9563.0,0.7515,7.0,7.0,7.5,0.0,6.0,8.932994,0.4693784,36.0
1.0,675.0,0.0,2.0,37.0,12.0,2.6667,3.0,2651.0,48.0,17.0,7.1671,20960.0,0.6915,7.0,7.0,7.5,0.0,11.0,19.15998,0.9808417,121.0
1.0,1515.0,0.0,4.0,46.0,16.0,7.9208,6.8,1918.0,49.0,14.0,8.8634,38590.0,0.6215,12.0,10.0,14.0,1.0,17.0,26.58999,2.069492,289.0
1.0,1030.0,0.0,3.0,43.0,17.0,5.3398,5.8,2585.0,46.0,16.0,7.7369,27900.0,0.6615,12.0,12.0,5.0,1.0,6.0,22.40001,1.675188,36.0
1.0,1250.0,0.0,2.0,42.0,12.0,4.0,4.0,2250.0,46.0,17.0,9.1702,25633.0,0.6215,7.0,7.0,7.5,1.0,7.0,20.633,1.386294,49.0
1.0,1158.0,1.0,2.0,34.0,17.0,6.0449,5.1,2480.0,39.0,17.0,11.29,35200.0,0.5515,12.0,12.0,7.5,1.0,2.0,28.20001,1.799215,4.0
1.0,112.0,0.0,0.0,52.0,12.0,6.25,0.0,2924.0,53.0,12.0,6.3269,29500.0,0.5815,7.0,7.0,7.5,1.0,24.0,28.8,1.832582,576.0
1.0,336.0,0.0,3.0,37.0,12.0,2.9762,2.2,1896.0,52.0,9.0,4.7468,10000.0,0.7515,10.0,7.0,7.5,0.0,4.0,8.999997,1.090647,16.0
1.0,1984.0,0.0,1.0,37.0,12.0,4.2339,4.78,2332.0,40.0,12.0,4.8885,19800.0,0.6915,10.0,7.0,5.0,0.0,11.0,11.39994,1.443124,121.0
1.0,716.0,0.0,0.0,52.0,8.0,3.4916,2.2,3482.0,59.0,7.0,2.4842,12900.0,0.7215,7.0,7.0,5.0,0.0,25.0,10.40001,1.25036,625.0
1.0,1410.0,1.0,0.0,30.0,12.0,4.9645,1.28,2106.0,30.0,14.0,8.547,26080.0,0.6215,12.0,12.0,7.5,0.0,11.0,19.08006,1.602313,121.0
1.0,1300.0,0.0,1.0,31.0,13.0,2.7692,0.0,1160.0,32.0,12.0,6.6379,13066.0,0.7515,17.0,7.0,11.0,1.0,2.0,9.46604,1.018559,4.0
1.0,1640.0,0.0,1.0,38.0,12.0,3.6585,3.25,2040.0,46.0,12.0,3.1863,12500.0,0.7215,7.0,7.0,7.5,0.0,19.0,6.50006,1.297053,361.0
1.0,1202.0,0.0,3.0,43.0,12.0,5.3935,0.0,2856.0,48.0,16.0,4.5466,35600.0,0.5815,7.0,7.0,9.0,1.0,7.0,29.11701,1.685194,49.0
1.0,489.0,0.0,1.0,49.0,8.0,0.6564,2.29,950.0,51.0,8.0,12.789,19424.0,0.7515,7.0,7.0,5.0,1.0,2.0,19.10302,-0.4209849,4.0
1.0,2076.0,0.0,0.0,55.0,12.0,4.7688,4.68,2068.0,58.0,10.0,6.528,26250.0,0.6615,7.0,7.0,5.0,1.0,20.0,16.34997,1.562095,400.0
1.0,526.0,0.0,2.0,38.0,17.0,8.5551,4.2,1896.0,42.0,17.0,16.403,36525.0,0.5515,12.0,14.0,9.5,1.0,10.0,32.02502,2.146528,100.0
1.0,1721.0,0.0,0.0,52.0,17.0,10.459,9.5,2000.0,56.0,16.0,7.0,34700.0,0.61,14.0,17.0,14.0,1.0,19.0,16.70006,2.347463,361.0
1.0,1327.0,0.0,0.0,48.0,12.0,2.6375,2.57,288.0,51.0,11.0,13.542,8311.0,0.7515,7.0,7.0,11.0,1.0,17.0,4.811038,0.9698315,289.0
1.0,584.0,0.0,2.0,32.0,13.0,6.8493,4.32,2160.0,33.0,12.0,6.713,28626.0,0.6915,12.0,10.0,11.0,1.0,12.0,24.62601,1.924146,144.0
1.0,1376.0,0.0,1.0,32.0,12.0,5.0872,5.0,3120.0,33.0,17.0,5.4487,24400.0,0.6615,7.0,7.0,5.0,1.0,11.0,17.40001,1.626728,121.0
1.0,1040.0,0.0,2.0,38.0,12.0,0.9615,0.0,1944.0,41.0,17.0,6.6872,14025.0,0.7215,7.0,7.0,7.5,1.0,6.0,13.02504,-0.0392607,36.0
1.0,548.0,0.0,3.0,46.0,12.0,4.3066,3.69,2046.0,47.0,12.0,9.0943,21367.0,0.6915,16.0,12.0,14.0,1.0,10.0,19.00698,1.460149,100.0
1.0,15.0,0.0,3.0,40.0,12.0,7.0667,0.0,2005.0,42.0,9.0,6.5337,14136.0,0.7515,7.0,7.0,7.5,0.0,4.0,14.03,1.955394,16.0
1.0,1980.0,0.0,4.0,31.0,9.0,2.5253,2.56,2070.0,36.0,10.0,4.686,19900.0,0.7515,10.0,7.0,5.0,1.0,2.0,14.89991,0.9263599,4.0
1.0,1520.0,0.0,1.0,43.0,10.0,7.8947,5.0,3000.0,50.0,12.0,8.0,37000.0,0.5215,12.0,9.0,9.5,1.0,13.0,25.00006,2.066192,169.0
1.0,1880.0,0.0,0.0,51.0,12.0,4.1489,3.9,2640.0,51.0,12.0,4.053,18500.0,0.6915,7.0,7.0,7.5,0.0,21.0,10.70007,1.422843,441.0
1.0,1260.0,1.0,0.0,30.0,16.0,8.1746,8.17,2450.0,34.0,17.0,8.1633,34550.0,0.5515,16.0,14.0,5.0,1.0,9.0,24.25,2.101032,81.0
1.0,1092.0,0.0,0.0,52.0,13.0,9.5971,0.0,1000.0,53.0,15.0,16.5,49620.0,0.4615,10.0,7.0,11.0,1.0,4.0,39.13997,2.261461,16.0
1.0,1587.0,1.0,5.0,30.0,8.0,2.0164,2.3,2080.0,33.0,8.0,3.4615,10400.0,0.7815,3.0,3.0,7.5,0.0,2.0,7.199973,0.7013138,4.0
1.0,156.0,0.0,0.0,51.0,16.0,7.6218,0.0,2413.0,51.0,16.0,11.361,33000.0,0.5515,16.0,16.0,11.0,1.0,19.0,31.811,2.031013,361.0
1.0,1939.0,0.0,2.0,31.0,13.0,3.1975,3.43,2570.0,31.0,12.0,3.8911,16200.0,0.7215,7.0,3.0,7.5,1.0,4.0,10.00005,1.162369,16.0
1.0,1250.0,0.0,4.0,34.0,12.0,1.6,1.36,2030.0,52.0,12.0,9.6059,22660.0,0.6915,12.0,16.0,7.5,1.0,9.0,20.66,0.4700036,81.0
1.0,610.0,0.0,0.0,49.0,11.0,4.0984,4.0,4684.0,59.0,17.0,2.6687,16000.0,0.7215,7.0,7.0,7.5,1.0,14.0,13.49998,1.410597,196.0
1.0,270.0,1.0,3.0,35.0,13.0,1.4815,5.0,2802.0,41.0,17.0,8.8865,25780.0,0.6615,7.0,16.0,9.5,1.0,6.0,25.38,0.3930551,36.0
1.0,660.0,1.0,0.0,53.0,12.0,3.6364,3.15,2090.0,59.0,12.0,6.3636,20675.0,0.7215,7.0,12.0,7.5,1.0,24.0,18.27498,1.290994,576.0
1.0,1000.0,0.0,3.0,32.0,12.0,1.0,0.0,2053.0,46.0,16.0,17.728,40213.0,0.5515,12.0,7.0,11.0,0.0,1.0,39.213,0.0,1.0
1.0,1920.0,0.0,3.0,38.0,10.0,2.6042,2.93,1984.0,42.0,10.0,5.2923,15500.0,0.7215,12.0,7.0,7.5,1.0,13.0,10.49994,0.9571255,169.0
1.0,200.0,0.0,0.0,54.0,12.0,1.75,0.0,2040.0,54.0,16.0,15.686,35207.0,0.5815,7.0,12.0,9.5,1.0,3.0,34.857,0.5596158,9.0
1.0,1500.0,0.0,1.0,47.0,17.0,4.8,3.6,2794.0,58.0,8.0,5.2423,35702.0,0.5515,10.0,12.0,11.0,1.0,10.0,28.502,1.568616,100.0
1.0,868.0,0.0,1.0,45.0,15.0,5.53,6.0,3290.0,47.0,14.0,3.0395,17800.0,0.7215,14.0,12.0,9.5,1.0,16.0,12.99996,1.710188,256.0
1.0,2318.0,0.0,1.0,47.0,16.0,4.0984,4.2,1911.0,46.0,16.0,16.745,50900.0,0.4915,16.0,16.0,5.0,1.0,9.0,41.39991,1.410597,81.0
1.0,2000.0,0.0,0.0,59.0,10.0,1.25,0.0,2000.0,60.0,12.0,3.75,17280.0,0.6915,7.0,7.0,5.0,0.0,19.0,14.78,0.2231435,361.0
1.0,60.0,0.0,1.0,32.0,11.0,1.6667,0.0,2580.0,31.0,12.0,5.814,15150.0,0.7215,10.0,9.0,5.0,1.0,4.0,15.05,0.5108456,16.0
1.0,1715.0,0.0,1.0,45.0,12.0,3.7901,3.38,2400.0,49.0,17.0,10.833,36200.0,0.5815,7.0,7.0,7.5,1.0,10.0,29.69998,1.332392,100.0
1.0,550.0,0.0,4.0,40.0,12.0,2.3636,2.26,1740.0,47.0,12.0,9.0029,17465.0,0.7215,14.0,12.0,5.0,1.0,5.0,16.16502,0.8601859,25.0
1.0,1960.0,0.0,2.0,47.0,14.0,10.204,0.0,2500.0,50.0,12.0,6.54,45205.0,0.61,14.0,12.0,3.0,1.0,7.0,25.20516,2.32278,49.0
1.0,44.0,1.0,2.0,36.0,16.0,6.8182,1.36,1840.0,37.0,17.0,5.9783,14500.0,0.7515,12.0,10.0,5.0,0.0,3.0,14.2,1.919595,9.0
1.0,1920.0,0.0,0.0,56.0,14.0,7.2146,6.92,2036.0,56.0,14.0,8.6248,32011.0,0.5815,7.0,7.0,7.5,0.0,38.0,18.15897,1.976107,1444.0
1.0,2540.0,0.0,1.0,41.0,8.0,2.4484,0.0,3536.0,43.0,11.0,4.8329,35200.0,0.6215,7.0,12.0,9.5,0.0,16.0,28.98106,0.8954347,256.0
1.0,156.0,0.0,3.0,48.0,7.0,1.1987,0.0,880.0,51.0,11.0,10.909,13579.0,0.7515,3.0,7.0,11.0,0.0,13.0,13.392,0.1812376,169.0
1.0,780.0,1.0,2.0,36.0,12.0,1.641,0.0,2007.0,38.0,12.0,3.8864,10455.0,0.7515,7.0,7.0,11.0,0.0,1.0,9.17502,0.4953058,1.0
1.0,3120.0,0.0,0.0,41.0,12.0,1.7821,0.0,2632.0,44.0,13.0,8.4574,32600.0,0.5515,7.0,3.0,5.0,0.0,7.0,27.03985,0.5777924,49.0
1.0,2040.0,0.0,0.0,41.0,14.0,2.9412,2.8,2600.0,43.0,12.0,5.0,19150.0,0.6915,7.0,10.0,11.0,1.0,15.0,13.14995,1.078818,225.0
1.0,1610.0,0.0,3.0,36.0,12.0,4.9689,4.25,2156.0,36.0,13.0,7.4212,24400.0,0.6615,12.0,17.0,9.5,1.0,10.0,16.40007,1.603199,100.0
1.0,215.0,0.0,3.0,37.0,12.0,1.8605,0.0,3625.0,41.0,12.0,4.4938,21700.0,0.6915,10.0,7.0,3.0,0.0,2.0,21.29999,0.6208453,4.0
1.0,1120.0,0.0,0.0,38.0,12.0,8.0357,0.0,2420.0,42.0,12.0,7.0252,26201.0,0.6215,7.0,3.0,9.5,1.0,19.0,17.20102,2.083894,361.0
1.0,846.0,0.0,2.0,43.0,14.0,3.9716,4.2,2080.0,43.0,9.0,3.2788,11920.0,0.7515,3.0,3.0,7.5,1.0,25.0,8.560026,1.379169,625.0
1.0,3225.0,0.0,0.0,54.0,16.0,3.0416,0.0,3443.0,59.0,17.0,1.2861,16300.0,0.7215,12.0,12.0,9.5,1.0,25.0,6.49084,1.112384,625.0
1.0,1376.0,0.0,1.0,38.0,12.0,2.907,3.75,2250.0,41.0,12.0,5.5556,16500.0,0.7215,7.0,7.0,5.0,1.0,7.0,12.49997,1.067122,49.0
1.0,980.0,1.0,0.0,30.0,12.0,3.0612,3.6,2535.0,34.0,16.0,7.4951,30000.0,0.5815,12.0,7.0,11.0,1.0,15.0,27.00002,1.118807,225.0
1.0,1838.0,0.0,0.0,49.0,12.0,4.8966,5.0,2352.0,48.0,15.0,22.109,62500.0,0.4415,7.0,7.0,9.5,1.0,11.0,53.50005,1.588541,121.0
1.0,1494.0,0.0,1.0,45.0,13.0,4.0161,2.5,3036.0,49.0,6.0,9.058,58500.0,0.4415,10.0,10.0,9.5,1.0,25.0,52.49995,1.390311,625.0
1.0,450.0,0.0,0.0,51.0,13.0,5.5556,3.5,2600.0,57.0,14.0,11.538,40900.0,0.5215,7.0,7.0,9.5,1.0,19.0,38.39998,1.714806,361.0
1.0,1976.0,0.0,0.0,34.0,10.0,1.2227,2.45,2223.0,39.0,7.0,6.0468,16308.0,0.6915,0.0,10.0,7.5,1.0,4.0,13.89194,0.2010615,16.0
1.0,2012.0,0.0,2.0,34.0,12.0,2.6839,3.61,2666.0,34.0,10.0,1.3653,9300.0,0.7515,7.0,7.0,7.5,1.0,14.0,3.899993,0.987271,196.0
1.0,561.0,0.0,1.0,41.0,12.0,2.6738,3.25,2006.0,41.0,17.0,16.55,35700.0,0.5515,10.0,9.0,7.5,1.0,19.0,34.2,0.9835007,361.0
1.0,1715.0,0.0,1.0,49.0,12.0,9.3294,7.05,1710.0,49.0,17.0,8.7719,35700.0,0.64,9.0,9.0,11.0,1.0,18.0,19.70008,2.233171,324.0
1.0,1912.0,0.0,0.0,32.0,12.0,3.1381,3.6,1920.0,46.0,14.0,9.6354,24500.0,0.6615,12.0,12.0,5.0,1.0,14.0,18.49995,1.143618,196.0
1.0,3686.0,0.0,0.0,32.0,14.0,0.5426,0.0,1647.0,39.0,14.0,6.6788,13000.0,0.7215,12.0,12.0,7.5,1.0,11.0,10.99998,-0.6113829,121.0
1.0,1080.0,0.0,2.0,32.0,17.0,8.6111,4.65,3080.0,35.0,15.0,7.5727,52600.0,0.4415,12.0,12.0,5.0,0.0,4.0,43.30001,2.153052,16.0
1.0,1799.0,0.0,0.0,47.0,10.0,3.6687,3.25,1920.0,48.0,10.0,7.8125,25360.0,0.6615,3.0,7.0,7.5,1.0,29.0,18.76001,1.299837,841.0
1.0,1984.0,0.0,1.0,39.0,9.0,2.3185,2.3,2420.0,47.0,4.0,1.9835,9400.0,0.7515,9.0,9.0,7.5,0.0,21.0,4.800096,0.8409204,441.0
1.0,1839.0,0.0,0.0,49.0,12.0,2.882,3.27,2205.0,53.0,15.0,9.5238,26800.0,0.6215,12.0,12.0,11.0,1.0,24.0,21.5,1.058484,576.0
1.0,1579.0,0.0,3.0,37.0,12.0,3.1666,0.0,3035.0,39.0,14.0,6.425,33040.0,0.6615,12.0,7.0,7.5,1.0,19.0,28.03994,1.152658,361.0
1.0,96.0,0.0,0.0,59.0,16.0,3.6458,0.0,2185.0,60.0,15.0,10.984,26350.0,0.6215,14.0,12.0,7.5,1.0,31.0,26.0,1.293576,961.0
1.0,1920.0,0.0,0.0,50.0,12.0,6.25,5.47,1880.0,56.0,12.0,12.766,39000.0,0.5215,7.0,7.0,14.0,1.0,28.0,27.0,1.832582,784.0
1.0,1688.0,0.0,1.0,32.0,17.0,10.249,9.8,1863.0,33.0,17.0,9.5545,35100.0,0.61,12.0,12.0,9.5,1.0,15.0,17.79969,2.32718,225.0
1.0,1589.0,0.0,0.0,46.0,12.0,3.2096,5.54,2456.0,48.0,16.0,5.4967,22502.0,0.6615,12.0,12.0,11.0,0.0,27.0,17.40195,1.166146,729.0
1.0,345.0,0.0,2.0,43.0,17.0,7.6522,5.0,1847.0,46.0,17.0,9.7618,21950.0,0.6915,12.0,14.0,14.0,0.0,13.0,19.30999,2.034993,169.0
1.0,1521.0,0.0,3.0,37.0,11.0,1.9724,2.3,2000.0,42.0,6.0,5.0,13000.0,0.7515,7.0,7.0,7.5,0.0,4.0,9.99998,0.6792511,16.0
1.0,1490.0,0.0,2.0,32.0,16.0,4.698,3.9,1856.0,35.0,14.0,5.9995,18180.0,0.7215,12.0,14.0,9.0,1.0,10.0,11.17998,1.547137,100.0
1.0,989.0,0.0,1.0,39.0,11.0,2.1234,2.76,1880.0,43.0,14.0,6.9149,20957.0,0.6915,10.0,10.0,9.0,1.0,8.0,18.85696,0.7530186,64.0
1.0,600.0,0.0,2.0,34.0,13.0,2.3333,2.9,3020.0,35.0,12.0,4.9669,13700.0,0.7215,12.0,12.0,7.5,0.0,4.0,12.30002,0.8472836,16.0
1.0,2646.0,0.0,1.0,39.0,11.0,2.3896,0.0,2646.0,41.0,8.0,2.3896,20000.0,0.6915,7.0,7.0,5.0,1.0,18.0,13.67712,0.871126,324.0
1.0,2149.0,0.0,3.0,45.0,8.0,1.2564,2.5,1640.0,48.0,9.0,4.5122,12260.0,0.7515,7.0,7.0,5.0,1.0,3.0,9.559997,0.2282505,9.0
1.0,320.0,0.0,0.0,50.0,11.0,1.0938,0.0,1950.0,54.0,11.0,9.2308,24850.0,0.6615,3.0,12.0,7.5,1.0,11.0,24.49998,0.0896578,121.0
1.0,1600.0,0.0,1.0,40.0,12.0,3.75,3.3,1920.0,39.0,12.0,11.458,29150.0,0.5815,12.0,7.0,7.5,1.0,8.0,23.15,1.321756,64.0
1.0,2419.0,0.0,1.0,30.0,10.0,3.3072,3.9,2025.0,34.0,12.0,7.6993,23591.0,0.6615,7.0,7.0,11.0,1.0,10.0,15.59088,1.196102,100.0
1.0,2005.0,0.0,0.0,57.0,17.0,5.1352,5.25,2470.0,56.0,17.0,4.183,24717.0,0.6615,16.0,12.0,11.0,1.0,33.0,14.42092,1.636119,1089.0
1.0,1960.0,0.0,1.0,39.0,12.0,6.6327,3.6,1800.0,43.0,12.0,8.3333,30455.0,0.6215,12.0,12.0,9.0,1.0,19.0,17.45491,1.892012,361.0
1.0,2147.0,0.0,0.0,53.0,12.0,4.5645,4.9,1920.0,56.0,8.0,5.1042,19600.0,0.6915,12.0,12.0,7.5,1.0,35.0,9.800019,1.518309,1225.0
1.0,1207.0,0.0,1.0,48.0,17.0,11.848,7.15,2039.0,53.0,17.0,8.2271,31875.0,0.64,7.0,12.0,5.0,1.0,21.0,17.57446,2.472159,441.0
1.0,2000.0,0.0,1.0,46.0,14.0,3.75,3.75,2570.0,48.0,16.0,5.6634,24055.0,0.6615,14.0,14.0,7.5,0.0,7.0,16.555,1.321756,49.0
1.0,1260.0,0.0,0.0,47.0,12.0,4.3651,4.35,1914.0,54.0,12.0,5.222,18795.0,0.7215,7.0,10.0,7.5,0.0,18.0,13.29497,1.473641,324.0
1.0,90.0,0.0,1.0,43.0,12.0,3.9333,4.0,1516.0,47.0,10.0,7.19,12198.0,0.7515,7.0,7.0,7.5,0.0,4.0,11.844,1.369479,16.0
1.0,1800.0,0.0,0.0,47.0,12.0,3.3333,3.25,2520.0,47.0,16.0,13.907,52645.0,0.4915,12.0,7.0,7.5,1.0,12.0,46.64506,1.203963,144.0
1.0,573.0,0.0,1.0,47.0,12.0,3.3159,2.2,2327.0,48.0,12.0,6.0163,16600.0,0.7215,10.0,7.0,14.0,0.0,16.0,14.69999,1.198729,256.0
1.0,1825.0,0.0,0.0,47.0,12.0,3.5616,3.0,2188.0,50.0,12.0,7.6782,32590.0,0.6215,7.0,7.0,7.5,1.0,14.0,26.09008,1.27021,196.0
1.0,75.0,0.0,0.0,46.0,12.0,1.6,0.0,1864.0,48.0,12.0,5.3112,10020.0,0.7515,3.0,7.0,7.5,1.0,3.0,9.9,0.4700036,9.0
1.0,1348.0,0.0,4.0,34.0,9.0,2.2255,2.3,2183.0,33.0,10.0,4.1228,12048.0,0.7515,7.0,7.0,11.0,0.0,1.0,9.048026,0.7999817,1.0
1.0,1880.0,0.0,0.0,48.0,10.0,4.7872,4.25,1920.0,55.0,12.0,7.8125,39750.0,0.6215,7.0,7.0,11.0,0.0,27.0,30.75006,1.565946,729.0
1.0,1240.0,0.0,1.0,30.0,12.0,5.8065,6.9,1824.0,31.0,12.0,4.6053,15700.0,0.7215,10.0,7.0,7.5,1.0,12.0,8.49994,1.758978,144.0
1.0,848.0,0.0,1.0,51.0,12.0,2.3585,2.3,2878.0,54.0,12.0,3.9746,24250.0,0.6615,7.0,7.0,3.0,0.0,6.0,22.24999,0.8580258,36.0
1.0,150.0,0.0,5.0,52.0,12.0,2.0,0.0,2390.0,54.0,16.0,15.063,43210.0,0.5215,7.0,12.0,14.0,1.0,9.0,42.91,0.6931472,81.0
1.0,2000.0,0.0,2.0,37.0,12.0,1.9,1.85,3120.0,39.0,13.0,4.5064,37100.0,0.6215,12.0,12.0,5.0,0.0,2.0,33.3,0.6418539,4.0
1.0,1952.0,0.0,2.0,32.0,12.0,5.123,3.25,2040.0,33.0,12.0,5.8824,23820.0,0.6615,12.0,7.0,5.0,0.0,6.0,13.8199,1.63374,36.0
1.0,1456.0,0.0,2.0,36.0,17.0,5.4945,6.04,2151.0,35.0,15.0,10.228,31600.0,0.5815,12.0,14.0,5.0,1.0,9.0,23.60001,1.703748,81.0
1.0,1740.0,0.0,2.0,35.0,12.0,6.3218,5.5,1976.0,37.0,14.0,6.5789,24000.0,0.6615,10.0,10.0,7.5,1.0,16.0,13.00007,1.844004,256.0
1.0,1400.0,0.0,0.0,45.0,17.0,7.1429,7.14,2286.0,51.0,16.0,8.8145,30750.0,0.5815,14.0,12.0,5.0,0.0,22.0,20.74994,1.966119,484.0
1.0,2000.0,0.0,0.0,56.0,12.0,2.375,2.7,2032.0,60.0,10.0,2.9528,11050.0,0.7515,7.0,7.0,14.0,0.0,26.0,6.3,0.8649974,676.0
1.0,1750.0,0.0,2.0,40.0,10.0,2.5429,2.74,1680.0,45.0,4.0,4.5173,12239.0,0.7515,7.0,7.0,14.0,0.0,11.0,7.788925,0.9333052,121.0
1.0,1101.0,1.0,2.0,45.0,12.0,2.1798,2.3,1560.0,49.0,14.0,5.1282,12870.0,0.7515,14.0,12.0,7.5,1.0,11.0,10.47004,0.7792332,121.0
1.0,2000.0,0.0,2.0,32.0,12.0,2.6,2.5,2895.0,30.0,12.0,4.1451,17200.0,0.7215,10.0,7.0,7.5,0.0,15.0,12.0,0.9555114,225.0
1.0,1877.0,0.0,0.0,45.0,12.0,3.7294,3.6,1820.0,50.0,8.0,8.7912,23980.0,0.6615,10.0,10.0,7.5,0.0,13.0,16.97992,1.316247,169.0
1.0,160.0,0.0,2.0,40.0,12.0,4.375,1.85,2450.0,44.0,12.0,7.3061,18600.0,0.6915,7.0,12.0,14.0,1.0,6.0,17.9,1.475906,36.0
1.0,1886.0,0.0,1.0,38.0,12.0,4.4433,4.0,1748.0,42.0,8.0,6.0069,23920.0,0.6915,7.0,10.0,9.5,1.0,20.0,15.53994,1.491397,400.0
1.0,1446.0,0.0,4.0,49.0,12.0,4.2877,4.4,1020.0,45.0,12.0,8.3333,16084.0,0.7515,7.0,7.0,14.0,1.0,17.0,9.883986,1.45575,289.0
1.0,1500.0,0.0,1.0,47.0,16.0,1.6667,1.5,2342.0,49.0,17.0,11.529,31100.0,0.5815,14.0,14.0,11.0,1.0,8.0,28.59995,0.5108456,64.0
1.0,860.0,0.0,0.0,52.0,13.0,3.2558,5.83,2250.0,53.0,12.0,6.6667,20460.0,0.6615,7.0,7.0,11.0,1.0,13.0,17.66001,1.180438,169.0
1.0,1848.0,0.0,1.0,34.0,13.0,5.4113,6.0,2880.0,40.0,16.0,8.6806,36000.0,0.5515,12.0,12.0,7.5,1.0,15.0,25.99992,1.688489,225.0
1.0,1678.0,0.0,2.0,44.0,12.0,2.205,2.3,2032.0,46.0,12.0,3.468,17302.0,0.7215,14.0,12.0,3.0,0.0,14.0,13.60201,0.7907275,196.0
1.0,160.0,0.0,3.0,36.0,16.0,4.0625,0.0,3120.0,42.0,16.0,3.0321,16450.0,0.7215,14.0,7.0,3.0,0.0,14.0,15.8,1.401799,196.0
1.0,108.0,0.0,0.0,50.0,17.0,0.6482,0.0,1760.0,57.0,16.0,13.807,41170.0,0.5815,14.0,16.0,9.5,1.0,6.0,41.09999,-0.433556,36.0
1.0,1738.0,0.0,0.0,45.0,12.0,5.3826,6.18,1725.0,47.0,12.0,6.2174,20130.0,0.6615,0.0,0.0,7.5,1.0,24.0,10.77504,1.683172,576.0
1.0,1170.0,0.0,2.0,44.0,14.0,0.1709,0.0,2080.0,46.0,13.0,4.2308,9200.0,0.7515,16.0,12.0,9.5,1.0,10.0,9.000047,-1.766677,100.0
1.0,15.0,0.0,2.0,57.0,12.0,23.467,0.0,2040.0,57.0,10.0,11.47,24751.0,0.6615,7.0,7.0,11.0,1.0,2.0,24.39899,3.155595,4.0
1.0,2088.0,0.0,0.0,35.0,17.0,9.5785,9.98,2940.0,42.0,17.0,12.245,57300.0,0.5,12.0,17.0,9.5,1.0,9.0,37.30009,2.259521,81.0
1.0,2490.0,0.0,0.0,46.0,12.0,3.6948,3.77,2280.0,52.0,12.0,9.2105,37200.0,0.5815,7.0,7.0,7.5,1.0,23.0,27.99995,1.306926,529.0
1.0,135.0,2.0,1.0,30.0,14.0,2.2222,0.0,2164.0,35.0,16.0,6.3309,14000.0,0.7215,10.0,12.0,14.0,1.0,12.0,13.7,0.7984977,144.0
1.0,1944.0,0.0,3.0,42.0,12.0,1.749,2.3,1999.0,44.0,12.0,7.8039,20610.0,0.6915,7.0,3.0,14.0,0.0,8.0,17.20994,0.5590442,64.0
1.0,690.0,0.0,1.0,34.0,12.0,1.1594,2.25,1824.0,36.0,13.0,7.6754,14800.0,0.7215,10.0,7.0,7.5,1.0,16.0,14.00001,0.1479026,256.0
1.0,608.0,0.0,2.0,45.0,17.0,6.9901,3.0,2182.0,47.0,16.0,15.582,40005.0,0.5515,10.0,14.0,14.0,1.0,10.0,35.75502,1.944495,100.0
1.0,63.0,1.0,2.0,35.0,16.0,3.9683,0.0,2385.0,37.0,16.0,9.6436,23750.0,0.6615,14.0,7.0,14.0,1.0,7.0,23.5,1.378338,49.0
1.0,154.0,0.0,0.0,40.0,16.0,21.429,8.13,2460.0,44.0,17.0,12.886,35300.0,0.5515,7.0,12.0,14.0,1.0,19.0,31.99993,3.064745,361.0
1.0,420.0,0.0,1.0,32.0,12.0,0.4762,2.85,2595.0,35.0,16.0,6.5511,17350.0,0.6915,12.0,12.0,7.5,1.0,2.0,17.15,-0.7419173,4.0
1.0,651.0,0.0,0.0,54.0,9.0,2.1505,1.44,2400.0,57.0,10.0,8.25,21650.0,0.6615,7.0,7.0,7.5,1.0,9.0,20.25002,0.7657004,81.0
1.0,675.0,0.0,3.0,38.0,12.0,1.8578,2.2,3120.0,42.0,8.0,1.3792,6740.0,0.7915,7.0,7.0,14.0,0.0,14.0,5.485985,0.619393,196.0
1.0,1663.0,0.0,3.0,43.0,12.0,4.3295,3.6,2850.0,42.0,12.0,5.2632,32275.0,0.6915,12.0,14.0,5.0,1.0,9.0,25.07504,1.465452,81.0
1.0,1680.0,0.0,0.0,54.0,16.0,8.9286,7.0,760.0,60.0,12.0,10.526,33220.0,0.72,14.0,7.0,9.5,1.0,16.0,18.21995,2.18926,256.0
1.0,180.0,0.0,3.0,39.0,14.0,2.7778,4.0,2500.0,37.0,17.0,10.0,26500.0,0.6215,12.0,12.0,7.5,1.0,7.0,26.0,1.021659,49.0
1.0,1581.0,0.0,1.0,37.0,12.0,2.6565,3.25,2630.0,39.0,14.0,12.548,38700.0,0.5215,7.0,12.0,5.0,1.0,6.0,34.50007,0.9770095,36.0
1.0,1200.0,0.0,2.0,46.0,12.0,2.5,3.08,2597.0,48.0,8.0,4.6207,15400.0,0.7215,7.0,7.0,5.0,1.0,22.0,12.4,0.9162908,484.0
1.0,450.0,0.0,0.0,56.0,11.0,18.267,0.0,2760.0,60.0,11.0,1.854,19007.0,0.6915,7.0,7.0,3.0,0.0,9.0,10.78685,2.905096,81.0
1.0,547.0,0.0,3.0,41.0,12.0,0.819,2.0,2070.0,44.0,8.0,7.4266,16771.0,0.7215,12.0,7.0,7.5,0.0,9.0,16.32301,-0.1996712,81.0
1.0,300.0,0.0,1.0,45.0,16.0,2.0,0.0,2256.0,48.0,16.0,13.298,31100.0,0.5815,16.0,7.0,11.0,1.0,14.0,30.5,0.6931472,196.0
1.0,975.0,0.0,1.0,44.0,17.0,15.385,8.5,1505.0,47.0,16.0,26.578,66300.0,0.5,3.0,3.0,7.5,1.0,17.0,51.29963,2.733393,289.0
1.0,1621.0,0.0,1.0,50.0,17.0,6.4775,0.0,2364.0,52.0,17.0,13.959,43550.0,0.4915,16.0,12.0,5.0,0.0,12.0,33.04997,1.868335,144.0
1.0,300.0,0.0,5.0,37.0,14.0,8.3333,3.5,2895.0,38.0,14.0,13.126,37250.0,0.6215,7.0,7.0,11.0,0.0,13.0,34.75001,2.12026,169.0
1.0,1868.0,0.0,1.0,44.0,12.0,4.5503,4.25,2041.0,46.0,12.0,7.8883,24900.0,0.6615,16.0,7.0,14.0,0.0,8.0,16.40004,1.515193,64.0
1.0,1803.0,0.0,2.0,32.0,14.0,2.4958,1.9,2195.0,34.0,17.0,8.656,24200.0,0.6615,7.0,14.0,9.5,1.0,10.0,19.70007,0.9146093,100.0
1.0,2143.0,1.0,1.0,34.0,12.0,4.4797,4.8,1935.0,40.0,12.0,3.4109,16200.0,0.7215,10.0,10.0,14.0,0.0,16.0,6.600003,1.499556,256.0
1.0,1080.0,0.0,2.0,32.0,10.0,2.2324,2.3,1950.0,35.0,10.0,4.6256,11431.0,0.7515,10.0,10.0,7.5,0.0,1.0,9.020008,0.8030772,1.0
1.0,1352.0,0.0,3.0,37.0,12.0,2.071,1.8,2375.0,38.0,14.0,4.2105,13200.0,0.7515,10.0,10.0,11.0,0.0,6.0,10.40001,0.7280316,36.0
1.0,537.0,0.0,1.0,44.0,13.0,1.676,0.0,1920.0,55.0,8.0,4.2708,15420.0,0.7715,10.0,10.0,9.0,1.0,4.0,14.51999,0.51641,16.0
1.0,352.0,0.0,2.0,34.0,16.0,3.4091,0.0,3300.0,33.0,12.0,3.3424,18400.0,0.6915,12.0,12.0,14.0,0.0,8.0,17.2,1.226448,64.0
1.0,200.0,1.0,3.0,33.0,12.0,2.5,8.0,3680.0,33.0,16.0,8.6359,43500.0,0.4915,10.0,3.0,5.0,1.0,4.0,43.0,0.9162908,16.0
1.0,2045.0,0.0,3.0,43.0,7.0,3.9609,4.07,1968.0,43.0,12.0,6.7581,21972.0,0.6915,7.0,7.0,7.5,1.0,15.0,13.87196,1.376471,225.0
1.0,1253.0,0.0,2.0,35.0,16.0,6.2275,3.97,2504.0,33.0,10.0,0.5843,7774.0,0.7715,16.0,16.0,11.0,0.0,7.0,-0.0290575,1.828975,49.0
1.0,1960.0,0.0,1.0,43.0,14.0,3.9286,3.85,2000.0,45.0,14.0,5.335,24470.0,0.6915,7.0,7.0,7.5,0.0,14.0,16.76994,1.368283,196.0
1.0,2000.0,0.0,0.0,34.0,12.0,2.9,2.5,1656.0,37.0,12.0,4.7101,13600.0,0.7215,7.0,7.0,7.5,0.0,16.0,7.8,1.064711,256.0
1.0,1960.0,0.0,3.0,36.0,10.0,4.0816,4.55,1968.0,39.0,7.0,4.9797,22500.0,0.7215,7.0,0.0,7.5,0.0,15.0,14.50006,1.406489,225.0
1.0,2000.0,0.0,2.0,41.0,12.0,2.85,4.2,2016.0,41.0,12.0,2.9762,13600.0,0.7215,7.0,7.0,14.0,0.0,23.0,7.9,1.047319,529.0
1.0,1568.0,0.0,0.0,41.0,16.0,7.0153,6.31,2602.0,44.0,17.0,12.744,90800.0,0.4415,7.0,7.0,7.5,0.0,19.0,79.80001,1.948093,361.0
1.0,1225.0,0.0,3.0,35.0,10.0,2.9388,2.4,1560.0,43.0,9.0,3.8462,10776.0,0.7515,10.0,10.0,7.5,0.0,4.0,7.17597,1.078001,16.0
1.0,780.0,1.0,3.0,32.0,12.0,1.9231,3.25,1827.0,37.0,10.0,7.2233,19007.0,0.7515,10.0,7.0,5.0,1.0,12.0,17.50698,0.6539385,144.0
1.0,480.0,0.0,0.0,30.0,14.0,6.875,0.0,2080.0,34.0,14.0,8.8077,23900.0,0.6615,12.0,12.0,14.0,1.0,12.0,20.6,1.927892,144.0
1.0,1923.0,0.0,0.0,43.0,12.0,3.9002,4.74,3390.0,47.0,12.0,5.3864,26060.0,0.6215,7.0,7.0,7.5,1.0,25.0,18.55992,1.361028,625.0
1.0,2000.0,0.0,0.0,54.0,6.0,2.0,0.0,2524.0,57.0,6.0,3.6846,13300.0,0.7215,7.0,7.0,7.5,0.0,14.0,9.3,0.6931472,196.0
1.0,2110.0,0.0,2.0,35.0,15.0,4.9763,4.37,2777.0,34.0,12.0,1.8437,15620.0,0.7215,7.0,7.0,7.5,0.0,14.0,5.120008,1.604687,196.0
1.0,1664.0,0.0,0.0,50.0,12.0,1.2019,5.0,3120.0,54.0,13.0,1.3013,16500.0,0.7215,7.0,7.0,7.5,0.0,11.0,14.50004,0.1839036,121.0
1.0,48.0,1.0,1.0,34.0,17.0,22.5,0.0,2700.0,36.0,17.0,7.2222,20880.0,0.6915,14.0,16.0,5.0,1.0,7.0,19.8,3.113515,49.0
1.0,1791.0,0.0,0.0,52.0,14.0,6.8677,6.18,1904.0,57.0,12.0,7.3529,30600.0,0.6615,14.0,12.0,9.5,1.0,18.0,18.29995,1.926829,324.0
1.0,1404.0,0.0,3.0,35.0,13.0,3.5613,5.3,2360.0,38.0,14.0,11.864,39000.0,0.6215,7.0,10.0,9.0,1.0,4.0,33.99994,1.270126,16.0
1.0,1920.0,0.0,0.0,55.0,6.0,1.9792,2.58,1960.0,58.0,8.0,5.3327,15428.0,0.7215,7.0,7.0,7.5,0.0,37.0,11.62794,0.6826927,1369.0
1.0,2141.0,0.0,0.0,35.0,16.0,5.3713,6.0,2000.0,42.0,16.0,5.5,23300.0,0.6615,7.0,7.0,7.5,0.0,13.0,11.80005,1.68107,169.0
1.0,1720.0,0.0,1.0,49.0,14.0,1.7442,0.0,2600.0,45.0,16.0,7.2308,42100.0,0.5215,16.0,16.0,9.5,1.0,14.0,39.09998,0.556296,196.0
1.0,3533.0,2.0,2.0,38.0,15.0,5.0948,8.5,2000.0,38.0,9.0,7.0,36430.0,0.64,12.0,7.0,9.5,1.0,17.0,18.43007,1.62822,289.0
1.0,2000.0,0.0,2.0,42.0,14.0,2.5,0.0,2218.0,45.0,14.0,7.2137,26000.0,0.6915,7.0,7.0,9.5,1.0,5.0,21.0,0.9162908,25.0
1.0,800.0,0.0,1.0,48.0,8.0,3.825,2.3,2000.0,52.0,5.0,4.5,62060.0,0.7515,7.0,7.0,7.5,0.0,2.0,59.0,1.341558,4.0
1.0,3000.0,0.0,0.0,51.0,14.0,1.0,0.0,2595.0,53.0,16.0,8.8632,28300.0,0.6215,12.0,12.0,9.5,1.0,0.0,25.3,0.0,0.0
1.0,293.0,0.0,2.0,43.0,12.0,3.0717,4.0,2400.0,47.0,12.0,9.3333,24149.0,0.6615,12.0,10.0,7.5,1.0,3.0,23.24899,1.122231,9.0
1.0,1872.0,0.0,1.0,43.0,12.0,1.7163,0.0,2856.0,48.0,12.0,3.8263,28141.0,0.6615,12.0,10.0,7.5,1.0,21.0,24.92809,0.5401708,441.0
1.0,2058.0,0.0,1.0,38.0,12.0,4.0209,4.0,2601.0,38.0,14.0,5.4448,23057.0,0.6615,10.0,10.0,7.5,1.0,20.0,14.78199,1.391506,400.0
1.0,1832.0,0.0,1.0,44.0,12.0,5.4585,4.95,2054.0,48.0,9.0,8.7634,28900.0,0.6215,3.0,7.0,7.5,1.0,19.0,18.90003,1.697174,361.0
1.0,120.0,1.0,3.0,36.0,12.0,25.0,9.98,2500.0,35.0,12.0,8.4,24000.0,0.6615,12.0,10.0,9.5,1.0,4.0,21.0,3.218876,16.0
1.0,1632.0,0.0,0.0,38.0,12.0,2.3897,2.3,1960.0,31.0,12.0,5.102,13900.0,0.7215,12.0,12.0,7.5,0.0,19.0,10.00001,0.8711678,361.0
1.0,778.0,0.0,0.0,47.0,8.0,3.2134,7.25,2058.0,51.0,8.0,7.4101,31810.0,0.6915,12.0,12.0,5.0,1.0,11.0,29.30997,1.16733,121.0
1.0,1984.0,0.0,2.0,34.0,12.0,3.377,3.14,2410.0,49.0,10.0,5.3527,19840.0,0.6915,7.0,7.0,7.5,0.0,14.0,13.14003,1.216988,196.0
1.0,225.0,1.0,2.0,40.0,17.0,1.7778,0.0,1278.0,38.0,17.0,19.562,25490.0,0.6615,16.0,17.0,14.0,1.0,8.0,25.08999,0.5753766,64.0
1.0,1960.0,0.0,1.0,31.0,12.0,3.1633,3.18,2875.0,35.0,12.0,5.0783,20800.0,0.6915,12.0,12.0,7.5,0.0,13.0,14.59993,1.151616,169.0
1.0,444.0,0.0,0.0,46.0,12.0,2.7027,0.0,2340.0,49.0,12.0,0.5128,2400.0,0.8015,10.0,16.0,7.5,1.0,24.0,1.200001,0.9942513,576.0
1.0,384.0,0.0,3.0,36.0,14.0,1.6927,0.0,3060.0,43.0,17.0,5.402,32650.0,0.5815,10.0,10.0,14.0,1.0,1.0,32.0,0.5263249,1.0
1.0,1170.0,1.0,2.0,39.0,13.0,0.2137,0.0,1920.0,47.0,12.0,7.8646,16370.0,0.7215,12.0,16.0,11.0,1.0,1.0,16.11997,-1.543182,1.0
1.0,1330.0,0.0,2.0,36.0,17.0,6.7669,4.5,3390.0,38.0,12.0,6.0531,35500.0,0.5515,7.0,7.0,14.0,0.0,3.0,26.50002,1.912043,9.0
1.0,1350.0,0.0,4.0,37.0,8.0,1.7407,2.1,2400.0,41.0,12.0,5.0,15100.0,0.7515,7.0,7.0,3.0,0.0,4.0,12.75006,0.5542873,16.0
1.0,480.0,0.0,4.0,39.0,12.0,2.5,0.0,1640.0,40.0,11.0,7.6829,14100.0,0.7515,7.0,9.0,3.0,0.0,21.0,12.9,0.9162908,441.0
1.0,1984.0,1.0,3.0,36.0,11.0,4.4859,3.26,1656.0,38.0,8.0,6.0386,19600.0,0.7215,7.0,3.0,14.0,0.0,10.0,10.69998,1.500939,100.0
1.0,1944.0,0.0,2.0,49.0,12.0,2.572,2.7,1920.0,53.0,16.0,5.851,19434.0,0.7215,7.0,7.0,5.0,1.0,13.0,14.43403,0.9446838,169.0
1.0,50.0,1.0,1.0,45.0,12.0,3.46,5.0,1780.0,46.0,10.0,6.7416,23882.0,0.7215,7.0,7.0,9.5,1.0,9.0,23.709,1.241269,81.0
1.0,460.0,2.0,0.0,32.0,17.0,4.7826,0.0,1850.0,31.0,17.0,8.1081,17300.0,0.7215,7.0,7.0,7.5,0.0,14.0,15.1,1.564984,196.0
1.0,680.0,0.0,5.0,36.0,10.0,2.3118,0.0,3430.0,43.0,12.0,5.3061,19772.0,0.7215,7.0,7.0,7.5,0.0,2.0,18.19998,0.8380265,4.0
1.0,2450.0,0.0,1.0,40.0,12.0,5.3061,6.5,2008.0,40.0,8.0,7.2709,35641.0,0.6215,7.0,7.0,5.0,1.0,21.0,22.64106,1.668857,441.0
1.0,2144.0,0.0,2.0,43.0,13.0,5.8675,0.0,2140.0,43.0,11.0,8.1776,34220.0,0.5815,7.0,7.0,7.5,1.0,22.0,21.64008,1.769429,484.0
1.0,1760.0,0.0,1.0,33.0,12.0,3.4091,3.21,3380.0,34.0,12.0,7.1006,30000.0,0.5815,12.0,16.0,11.0,1.0,14.0,23.99998,1.226448,196.0
1.0,490.0,0.0,1.0,30.0,12.0,4.0816,2.46,2430.0,33.0,11.0,6.5844,18000.0,0.6915,12.0,12.0,7.5,1.0,7.0,16.00002,1.406489,49.0
0.0,0.0,0.0,1.0,49.0,12.0,,0.0,2550.0,54.0,15.0,7.8529,21025.0,0.6615,14.0,12.0,7.5,1.0,2.0,21.025,,4.0
0.0,0.0,2.0,0.0,30.0,16.0,,0.0,1928.0,34.0,16.0,11.929,23600.0,0.6615,14.0,7.0,9.5,1.0,5.0,23.6,,25.0
0.0,0.0,1.0,0.0,30.0,12.0,,0.0,1100.0,39.0,17.0,18.0,22800.0,0.6615,12.0,12.0,7.5,0.0,12.0,22.8,,144.0
0.0,0.0,0.0,4.0,41.0,12.0,,0.0,3193.0,40.0,16.0,10.022,35910.0,0.5815,7.0,7.0,7.5,1.0,1.0,35.91,,1.0
0.0,0.0,0.0,1.0,45.0,12.0,,0.0,2250.0,46.0,16.0,9.3333,21700.0,0.6615,7.0,7.0,5.0,1.0,12.0,21.7,,144.0
0.0,0.0,0.0,5.0,43.0,12.0,,0.0,2012.0,44.0,13.0,6.085,21823.0,0.7515,7.0,7.0,7.5,1.0,4.0,21.823,,16.0
0.0,0.0,0.0,1.0,42.0,13.0,,0.0,3856.0,46.0,15.0,5.7054,31000.0,0.6615,10.0,7.0,11.0,1.0,9.0,31.0,,81.0
0.0,0.0,0.0,0.0,60.0,12.0,,0.0,1645.0,58.0,12.0,9.1185,15300.0,0.7215,7.0,7.0,7.5,1.0,9.0,15.3,,81.0
0.0,0.0,0.0,0.0,57.0,12.0,,0.0,1554.0,57.0,12.0,7.2072,12925.0,0.7215,9.0,3.0,7.5,1.0,6.0,12.925,,36.0
0.0,0.0,0.0,2.0,38.0,10.0,,0.0,2352.0,41.0,8.0,5.3146,15830.0,0.7515,12.0,7.0,5.0,0.0,5.0,15.83,,25.0
0.0,0.0,0.0,0.0,56.0,12.0,,0.0,1980.0,58.0,12.0,8.2828,30200.0,0.6915,12.0,12.0,7.5,1.0,5.0,30.2,,25.0
0.0,0.0,0.0,3.0,32.0,12.0,,0.0,2352.0,37.0,7.0,7.0578,16600.0,0.7215,10.0,7.0,5.0,0.0,8.0,16.6,,64.0
0.0,0.0,0.0,1.0,49.0,7.0,,0.0,1784.0,58.0,6.0,6.1659,11000.0,0.7515,7.0,7.0,7.5,1.0,2.0,11.0,,4.0
0.0,0.0,0.0,0.0,55.0,12.0,,0.0,2500.0,58.0,12.0,2.7,15000.0,0.7215,7.0,10.0,3.0,0.0,6.0,15.0,,36.0
0.0,0.0,1.0,1.0,36.0,9.0,,0.0,2088.0,39.0,14.0,7.6628,20528.0,0.7215,7.0,7.0,11.0,0.0,0.0,20.528,,0.0
0.0,0.0,0.0,3.0,44.0,12.0,,0.0,4640.0,50.0,12.0,1.8491,13126.0,0.7515,9.0,9.0,14.0,0.0,3.0,13.126,,9.0
0.0,0.0,0.0,1.0,44.0,10.0,,0.0,3900.0,60.0,12.0,3.8462,15550.0,0.7215,7.0,14.0,7.5,1.0,7.0,15.55,,49.0
0.0,0.0,1.0,2.0,35.0,14.0,,0.0,1988.0,34.0,17.0,9.0543,18010.0,0.7215,3.0,12.0,7.5,1.0,3.0,18.01,,9.0
0.0,0.0,2.0,3.0,44.0,14.0,,0.0,1920.0,45.0,10.0,9.375,18874.0,0.7215,10.0,10.0,14.0,0.0,10.0,18.874,,100.0
0.0,0.0,0.0,1.0,45.0,12.0,,0.0,2400.0,45.0,12.0,8.3333,24800.0,0.6615,12.0,12.0,14.0,1.0,3.0,24.8,,9.0
0.0,0.0,1.0,0.0,34.0,12.0,,0.0,1867.0,38.0,12.0,9.3733,17500.0,0.6915,12.0,17.0,5.0,1.0,2.0,17.5,,4.0
0.0,0.0,2.0,0.0,30.0,17.0,,0.0,3570.0,32.0,17.0,4.4818,16150.0,0.7215,12.0,12.0,7.5,1.0,12.0,16.15,,144.0
0.0,0.0,0.0,1.0,39.0,8.0,,0.0,2805.0,44.0,12.0,5.3476,15189.0,0.7215,7.0,3.0,3.0,0.0,15.0,15.189,,225.0
0.0,0.0,0.0,2.0,36.0,12.0,,0.0,1110.0,39.0,15.0,3.2027,6000.0,0.7815,7.0,7.0,14.0,0.0,5.0,6.0,,25.0
0.0,0.0,0.0,2.0,38.0,17.0,,0.0,2695.0,42.0,16.0,12.801,37250.0,0.5515,10.0,12.0,9.5,1.0,4.0,37.25,,16.0
0.0,0.0,0.0,0.0,53.0,12.0,,0.0,1950.0,54.0,16.0,6.9103,27760.0,0.6215,10.0,10.0,7.5,1.0,10.0,27.76,,100.0
0.0,0.0,0.0,2.0,36.0,12.0,,0.0,2128.0,42.0,12.0,4.2293,9090.0,0.7715,7.0,7.0,3.0,0.0,1.0,9.09,,1.0
0.0,0.0,1.0,1.0,32.0,12.0,,0.0,3260.0,31.0,12.0,4.4479,14500.0,0.7215,12.0,7.0,7.5,1.0,8.0,14.5,,64.0
0.0,0.0,0.0,3.0,51.0,9.0,,0.0,1987.0,51.0,12.0,8.0523,19700.0,0.7215,7.0,7.0,14.0,1.0,20.0,19.7,,400.0
0.0,0.0,0.0,0.0,38.0,11.0,,0.0,2185.0,46.0,11.0,7.5057,16788.0,0.6915,10.0,7.0,14.0,1.0,4.0,16.788,,16.0
0.0,0.0,2.0,0.0,33.0,12.0,,0.0,2475.0,36.0,12.0,7.4747,18520.0,0.6915,10.0,10.0,11.0,1.0,7.0,18.52,,49.0
0.0,0.0,0.0,0.0,54.0,12.0,,0.0,2610.0,53.0,12.0,6.3218,20950.0,0.6915,16.0,10.0,9.5,1.0,10.0,20.95,,100.0
0.0,0.0,0.0,3.0,38.0,9.0,,0.0,1920.0,44.0,12.0,2.1354,7574.0,0.8015,7.0,3.0,11.0,0.0,3.0,7.574,,9.0
0.0,0.0,2.0,2.0,30.0,11.0,,0.0,2352.0,31.0,14.0,4.2092,10027.0,0.7715,7.0,7.0,3.0,0.0,5.0,10.027,,25.0
0.0,0.0,2.0,3.0,34.0,12.0,,0.0,3160.0,30.0,12.0,0.7595,5000.0,0.9415,12.0,12.0,7.5,0.0,10.0,5.0,,100.0
0.0,0.0,0.0,1.0,34.0,9.0,,0.0,1040.0,37.0,13.0,4.8077,7040.0,0.7915,12.0,7.0,3.0,0.0,0.0,7.04,,0.0
0.0,0.0,0.0,2.0,50.0,12.0,,0.0,3120.0,49.0,12.0,12.788,40800.0,0.5215,10.0,7.0,7.5,1.0,3.0,40.8,,9.0
0.0,0.0,2.0,0.0,30.0,17.0,,0.0,2240.0,30.0,16.0,7.1429,16050.0,0.7215,12.0,12.0,11.0,0.0,10.0,16.05,,100.0
0.0,0.0,0.0,2.0,38.0,12.0,,0.0,1980.0,42.0,16.0,15.152,33100.0,0.5815,10.0,7.0,11.0,1.0,2.0,33.1,,4.0
0.0,0.0,0.0,0.0,54.0,14.0,,0.0,1960.0,58.0,14.0,7.9082,33856.0,0.7215,12.0,12.0,9.5,1.0,10.0,33.856,,100.0
0.0,0.0,1.0,2.0,30.0,12.0,,3.0,2940.0,31.0,17.0,6.9728,20500.0,0.6915,12.0,12.0,7.5,1.0,4.0,20.5,,16.0
0.0,0.0,0.0,0.0,55.0,12.0,,0.0,2467.0,56.0,11.0,4.9181,28600.0,0.5815,7.0,7.0,5.0,1.0,0.0,28.6,,0.0
0.0,0.0,0.0,1.0,51.0,10.0,,0.0,2256.0,56.0,12.0,8.3112,18750.0,0.6915,10.0,10.0,11.0,0.0,10.0,18.75,,100.0
0.0,0.0,0.0,1.0,44.0,12.0,,0.0,1680.0,46.0,12.0,7.1429,20300.0,0.7215,7.0,7.0,9.5,1.0,5.0,20.3,,25.0
0.0,0.0,0.0,0.0,53.0,12.0,,0.0,2250.0,55.0,12.0,5.6889,13420.0,0.7215,7.0,7.0,5.0,0.0,0.0,13.42,,0.0
0.0,0.0,0.0,2.0,42.0,10.0,,0.0,2400.0,49.0,9.0,7.0833,18400.0,0.7215,3.0,3.0,5.0,0.0,0.0,18.4,,0.0
0.0,0.0,0.0,2.0,38.0,12.0,,0.0,2196.0,42.0,11.0,5.6922,16682.0,0.7215,10.0,7.0,7.5,0.0,19.0,16.682,,361.0
0.0,0.0,1.0,3.0,38.0,13.0,,0.0,2400.0,40.0,12.0,11.4,32685.0,0.6215,7.0,7.0,7.5,1.0,2.0,32.685,,4.0
0.0,0.0,1.0,4.0,41.0,12.0,,0.0,3825.0,41.0,11.0,1.4152,7050.0,0.8015,3.0,3.0,9.5,1.0,12.0,7.05,,144.0
0.0,0.0,0.0,3.0,35.0,8.0,,0.0,2860.0,44.0,9.0,2.7507,10867.0,0.7815,12.0,7.0,9.5,1.0,5.0,10.867,,25.0
0.0,0.0,1.0,2.0,33.0,12.0,,2.75,2750.0,34.0,12.0,6.6182,18220.0,0.7215,12.0,12.0,9.5,1.0,5.0,18.22,,25.0
0.0,0.0,0.0,0.0,48.0,13.0,,0.0,2103.0,50.0,16.0,9.2725,26613.0,0.6915,7.0,7.0,7.5,0.0,5.0,26.613,,25.0
0.0,0.0,0.0,0.0,47.0,12.0,,0.0,1880.0,51.0,12.0,12.287,25000.0,0.6215,12.0,10.0,7.5,1.0,10.0,25.0,,100.0
0.0,0.0,0.0,5.0,34.0,12.0,,0.0,3185.0,41.0,13.0,2.8549,15700.0,0.7515,7.0,7.0,7.5,1.0,0.0,15.7,,0.0
0.0,0.0,2.0,1.0,33.0,13.0,,0.0,2677.0,37.0,17.0,7.9709,40250.0,0.5215,12.0,10.0,5.0,1.0,4.0,40.25,,16.0
0.0,0.0,3.0,1.0,31.0,13.0,,0.0,3600.0,36.0,17.0,19.444,73600.0,0.4415,12.0,16.0,11.0,0.0,3.0,73.6,,9.0
0.0,0.0,0.0,0.0,58.0,8.0,,0.0,4334.0,58.0,8.0,1.4806,10592.0,0.7515,12.0,7.0,7.5,1.0,2.0,10.592,,4.0
0.0,0.0,0.0,0.0,49.0,12.0,,0.0,2874.0,52.0,8.0,1.8918,8000.0,0.7515,7.0,7.0,3.0,0.0,1.0,8.0,,1.0
0.0,0.0,0.0,1.0,55.0,8.0,,0.0,1936.0,56.0,9.0,6.9215,13400.0,0.7215,7.0,3.0,7.5,1.0,0.0,13.4,,0.0
0.0,0.0,0.0,0.0,44.0,14.0,,1.5,1964.0,49.0,8.0,10.692,23700.0,0.6615,12.0,12.0,14.0,1.0,1.0,23.7,,1.0
0.0,0.0,0.0,0.0,44.0,9.0,,0.0,1900.0,48.0,8.0,9.9474,18900.0,0.6915,7.0,7.0,11.0,1.0,1.0,18.9,,1.0
0.0,0.0,0.0,3.0,36.0,16.0,,0.0,2500.0,37.0,17.0,19.0,48300.0,0.4615,7.0,12.0,9.5,1.0,6.0,48.3,,36.0
0.0,0.0,0.0,3.0,38.0,12.0,,0.0,3173.0,46.0,14.0,7.4882,24470.0,0.6615,14.0,14.0,9.5,1.0,12.0,24.47,,144.0
0.0,0.0,0.0,3.0,37.0,16.0,,0.0,2916.0,38.0,17.0,9.259,28630.0,0.6215,16.0,7.0,7.5,1.0,6.0,28.63,,36.0
0.0,0.0,0.0,0.0,47.0,12.0,,0.0,2208.0,51.0,12.0,11.322,25320.0,0.6215,12.0,7.0,5.0,1.0,9.0,25.32,,81.0
0.0,0.0,0.0,3.0,47.0,12.0,,0.0,2094.0,47.0,10.0,6.447,13530.0,0.7515,12.0,10.0,7.5,1.0,14.0,13.53,,196.0
0.0,0.0,1.0,1.0,32.0,12.0,,0.0,2250.0,33.0,12.0,6.5778,14800.0,0.7215,7.0,7.0,9.0,1.0,13.0,14.8,,169.0
0.0,0.0,1.0,2.0,43.0,12.0,,0.0,2000.0,46.0,12.0,6.1,17400.0,0.7515,12.0,7.0,7.5,0.0,8.0,17.4,,64.0
0.0,0.0,1.0,4.0,42.0,11.0,,0.0,2600.0,48.0,10.0,4.2308,15980.0,0.7815,10.0,10.0,3.0,0.0,0.0,15.98,,0.0
0.0,0.0,0.0,0.0,56.0,12.0,,0.0,4368.0,57.0,8.0,2.217,16576.0,0.7215,7.0,7.0,7.5,0.0,1.0,16.576,,1.0
0.0,0.0,0.0,5.0,38.0,13.0,,2.25,3068.0,40.0,16.0,6.5189,21850.0,0.6915,12.0,7.0,11.0,1.0,3.0,21.85,,9.0
0.0,0.0,0.0,2.0,52.0,12.0,,0.0,2218.0,51.0,11.0,6.4923,14600.0,0.7215,7.0,7.0,14.0,1.0,13.0,14.6,,169.0
0.0,0.0,0.0,0.0,50.0,12.0,,0.0,1848.0,56.0,12.0,11.364,21600.0,0.6615,12.0,12.0,7.5,1.0,3.0,21.6,,9.0
0.0,0.0,0.0,0.0,33.0,16.0,,0.0,2430.0,33.0,17.0,9.8765,24000.0,0.6615,12.0,12.0,7.5,1.0,8.0,24.0,,64.0
0.0,0.0,0.0,2.0,44.0,16.0,,0.0,2640.0,44.0,17.0,7.6576,20883.0,0.6915,7.0,7.0,7.5,1.0,8.0,20.883,,64.0
0.0,0.0,0.0,1.0,41.0,12.0,,0.0,2108.0,42.0,16.0,8.3017,19500.0,0.6915,7.0,7.0,14.0,0.0,18.0,19.5,,324.0
0.0,0.0,0.0,1.0,45.0,12.0,,0.0,1998.0,45.0,12.0,14.114,42800.0,0.6215,14.0,12.0,11.0,1.0,2.0,42.8,,4.0
0.0,0.0,0.0,0.0,53.0,14.0,,0.0,2500.0,55.0,16.0,16.0,41500.0,0.5215,7.0,7.0,7.5,0.0,3.0,41.5,,9.0
0.0,0.0,0.0,0.0,53.0,14.0,,0.0,1665.0,56.0,17.0,11.291,18965.0,0.6915,12.0,12.0,14.0,1.0,5.0,18.965,,25.0
0.0,0.0,0.0,1.0,42.0,12.0,,0.0,2990.0,46.0,12.0,2.3395,16100.0,0.7215,12.0,10.0,9.5,1.0,2.0,16.1,,4.0
0.0,0.0,2.0,0.0,32.0,13.0,,0.0,1795.0,35.0,16.0,7.7994,14700.0,0.7215,12.0,17.0,7.5,1.0,10.0,14.7,,100.0
0.0,0.0,0.0,0.0,56.0,12.0,,0.0,2500.0,53.0,12.0,6.0,18800.0,0.7215,7.0,7.0,7.5,1.0,30.0,18.8,,900.0
0.0,0.0,1.0,3.0,37.0,11.0,,0.0,2205.0,40.0,11.0,6.6893,14750.0,0.7515,10.0,7.0,11.0,1.0,1.0,14.75,,1.0
0.0,0.0,1.0,2.0,40.0,12.0,,0.0,2460.0,42.0,14.0,8.5366,21000.0,0.6915,12.0,7.0,14.0,1.0,5.0,21.0,,25.0
0.0,0.0,0.0,3.0,54.0,15.0,,0.0,1880.0,55.0,16.0,13.83,35400.0,0.6215,0.0,7.0,7.5,1.0,8.0,35.4,,64.0
0.0,0.0,0.0,0.0,53.0,7.0,,0.0,3481.0,53.0,9.0,1.48,10700.0,0.7515,7.0,7.0,7.5,0.0,0.0,10.7,,0.0
0.0,0.0,0.0,1.0,48.0,12.0,,0.0,2450.0,51.0,12.0,8.5714,24500.0,0.6615,7.0,7.0,9.5,1.0,4.0,24.5,,16.0
0.0,0.0,1.0,2.0,36.0,12.0,,0.0,2062.0,38.0,14.0,8.2299,17045.0,0.7215,7.0,7.0,9.5,1.0,2.0,17.045,,4.0
0.0,0.0,0.0,0.0,57.0,12.0,,0.0,2146.0,52.0,14.0,8.3877,18800.0,0.6915,7.0,7.0,7.5,1.0,30.0,18.8,,900.0
0.0,0.0,0.0,0.0,51.0,12.0,,0.0,1575.0,49.0,7.0,7.3651,14000.0,0.7215,10.0,7.0,14.0,1.0,25.0,14.0,,625.0
0.0,0.0,0.0,4.0,33.0,13.0,,0.0,3096.0,37.0,12.0,3.4415,18214.0,0.7215,7.0,0.0,3.0,0.0,3.0,18.214,,9.0
0.0,0.0,0.0,0.0,52.0,12.0,,0.0,3280.0,49.0,11.0,3.3537,20177.0,0.7515,7.0,7.0,7.5,1.0,20.0,20.177,,400.0
0.0,0.0,0.0,0.0,56.0,10.0,,0.0,1680.0,60.0,8.0,2.9762,8300.0,0.7815,0.0,7.0,7.5,1.0,20.0,8.3,,400.0
0.0,0.0,1.0,2.0,36.0,12.0,,0.0,2625.0,38.0,11.0,5.181,14200.0,0.7515,14.0,9.0,7.5,1.0,0.0,14.2,,0.0
0.0,0.0,1.0,0.0,36.0,14.0,,0.0,1846.0,50.0,16.0,10.293,21768.0,0.6915,12.0,12.0,7.5,0.0,15.0,21.768,,225.0
0.0,0.0,0.0,1.0,46.0,12.0,,0.0,2178.0,47.0,10.0,13.243,29553.0,0.5815,10.0,7.0,14.0,1.0,10.0,29.553,,100.0
0.0,0.0,0.0,3.0,31.0,10.0,,0.0,960.0,33.0,9.0,3.6458,4350.0,0.9415,7.0,7.0,7.5,0.0,4.0,4.35,,16.0
0.0,0.0,0.0,0.0,52.0,11.0,,0.0,2210.0,51.0,12.0,10.407,24000.0,0.6615,7.0,7.0,11.0,1.0,3.0,24.0,,9.0
0.0,0.0,0.0,2.0,46.0,12.0,,0.0,2192.0,55.0,12.0,8.2117,18300.0,0.6915,7.0,7.0,7.5,1.0,10.0,18.3,,100.0
0.0,0.0,2.0,0.0,35.0,12.0,,0.0,1960.0,44.0,16.0,8.6735,17200.0,0.7215,7.0,3.0,7.5,1.0,9.0,17.2,,81.0
0.0,0.0,0.0,0.0,59.0,12.0,,0.0,1920.0,56.0,10.0,8.3208,16476.0,0.6915,7.0,7.0,14.0,0.0,7.0,16.476,,49.0
0.0,0.0,0.0,1.0,36.0,8.0,,0.0,2286.0,40.0,12.0,4.287,13400.0,0.7515,0.0,0.0,14.0,0.0,12.0,13.4,,144.0
0.0,0.0,1.0,3.0,51.0,7.0,,0.0,2000.0,52.0,7.0,10.5,44988.0,0.5215,3.0,3.0,14.0,0.0,0.0,44.988,,0.0
0.0,0.0,1.0,0.0,31.0,16.0,,0.0,2256.0,31.0,12.0,7.9787,18200.0,0.6915,12.0,12.0,9.0,1.0,16.0,18.2,,256.0
0.0,0.0,0.0,2.0,31.0,14.0,,0.0,2370.0,36.0,17.0,11.814,28000.0,0.6215,12.0,12.0,14.0,1.0,4.0,28.0,,16.0
0.0,0.0,1.0,1.0,32.0,12.0,,0.0,1800.0,39.0,13.0,6.1111,11550.0,0.7515,12.0,12.0,7.5,1.0,7.0,11.55,,49.0
0.0,0.0,1.0,2.0,35.0,16.0,,0.0,2250.0,38.0,16.0,12.578,28450.0,0.6215,12.0,7.0,14.0,1.0,7.0,28.45,,49.0
0.0,0.0,0.0,3.0,40.0,12.0,,4.1,1080.0,43.0,12.0,11.244,15096.0,0.7515,7.0,10.0,7.5,1.0,14.0,15.096,,196.0
0.0,0.0,1.0,2.0,33.0,10.0,,0.0,2840.0,38.0,12.0,2.7408,8009.0,0.7815,7.0,7.0,14.0,0.0,2.0,8.009,,4.0
0.0,0.0,0.0,0.0,54.0,7.0,,0.0,2250.0,52.0,11.0,4.4444,10040.0,0.7515,0.0,0.0,3.0,1.0,20.0,10.04,,400.0
0.0,0.0,1.0,1.0,36.0,12.0,,0.0,2746.0,37.0,12.0,5.8267,16700.0,0.7215,12.0,12.0,7.5,1.0,5.0,16.7,,25.0
0.0,0.0,0.0,1.0,50.0,10.0,,0.0,2300.0,60.0,8.0,2.3478,8400.0,0.7815,12.0,7.0,3.0,0.0,10.0,8.4,,100.0
0.0,0.0,0.0,0.0,54.0,8.0,,0.0,2860.0,49.0,8.0,4.4755,13000.0,0.7215,0.0,0.0,3.0,0.0,20.0,13.0,,400.0
0.0,0.0,0.0,1.0,48.0,11.0,,0.0,1765.0,49.0,12.0,8.4986,17970.0,0.7215,7.0,7.0,7.5,1.0,10.0,17.97,,100.0
0.0,0.0,0.0,4.0,41.0,15.0,,0.0,2520.0,42.0,16.0,7.1825,18450.0,0.7215,14.0,17.0,5.0,0.0,8.0,18.45,,64.0
0.0,0.0,0.0,4.0,50.0,12.0,,0.0,2208.0,53.0,12.0,10.87,31000.0,0.6615,12.0,7.0,14.0,1.0,11.0,31.0,,121.0
0.0,0.0,0.0,2.0,46.0,12.0,,0.0,2119.0,51.0,8.0,7.1222,24135.0,0.7215,10.0,7.0,7.5,1.0,3.0,24.135,,9.0
0.0,0.0,0.0,1.0,42.0,13.0,,0.0,2580.0,47.0,17.0,10.6592,31700.0,0.5815,12.0,12.0,7.5,0.0,6.0,31.7,,36.0
0.0,0.0,1.0,2.0,31.0,9.0,,0.0,1984.0,34.0,12.0,3.2762,10190.0,0.7915,3.0,3.0,14.0,0.0,4.0,10.19,,16.0
0.0,0.0,0.0,0.0,53.0,12.0,,0.0,1880.0,58.0,8.0,7.7521,21574.0,0.7215,10.0,10.0,14.0,0.0,4.0,21.574,,16.0
0.0,0.0,0.0,1.0,51.0,12.0,,0.0,2185.0,57.0,12.0,11.945,26680.0,0.6215,3.0,3.0,7.5,1.0,9.0,26.68,,81.0
0.0,0.0,0.0,1.0,47.0,12.0,,0.0,2080.0,57.0,12.0,4.6154,17700.0,0.7515,7.0,9.0,11.0,1.0,10.0,17.7,,100.0
0.0,0.0,0.0,1.0,50.0,12.0,,0.0,1920.0,50.0,12.0,13.021,29400.0,0.6215,12.0,12.0,14.0,1.0,3.0,29.4,,9.0
0.0,0.0,0.0,1.0,37.0,6.0,,0.0,3000.0,52.0,5.0,2.6667,22159.0,0.7515,7.0,7.0,7.5,0.0,2.0,22.159,,4.0
0.0,0.0,2.0,2.0,30.0,12.0,,0.0,2100.0,31.0,12.0,8.8333,35000.0,0.5815,12.0,12.0,11.0,0.0,2.0,35.0,,4.0
0.0,0.0,0.0,0.0,49.0,12.0,,0.0,1690.0,39.0,12.0,2.3669,8630.0,0.7915,16.0,16.0,5.0,1.0,0.0,8.63,,0.0
0.0,0.0,0.0,2.0,52.0,12.0,,0.0,2600.0,49.0,16.0,5.0,17080.0,0.7515,7.0,0.0,14.0,1.0,8.0,17.08,,64.0
0.0,0.0,0.0,2.0,47.0,12.0,,0.0,1984.0,49.0,16.0,7.4597,32500.0,0.7215,10.0,7.0,14.0,1.0,6.0,32.5,,36.0
0.0,0.0,0.0,0.0,49.0,12.0,,0.0,2064.0,53.0,12.0,7.7519,16000.0,0.7215,7.0,7.0,11.0,1.0,15.0,16.0,,225.0
0.0,0.0,0.0,4.0,44.0,12.0,,0.0,2553.0,31.0,16.0,5.4054,18850.0,0.7515,12.0,10.0,14.0,1.0,15.0,18.85,,225.0
0.0,0.0,0.0,0.0,53.0,8.0,,0.0,2776.0,59.0,9.0,6.1239,17500.0,0.6915,9.0,9.0,9.5,1.0,9.0,17.5,,81.0
0.0,0.0,1.0,0.0,30.0,12.0,,0.0,2315.0,31.0,13.0,8.3369,19392.0,0.6915,7.0,12.0,14.0,0.0,8.0,19.392,,64.0
0.0,0.0,0.0,2.0,54.0,12.0,,0.0,1880.0,55.0,12.0,7.1277,14450.0,0.7215,7.0,10.0,7.5,1.0,18.0,14.45,,324.0
0.0,0.0,1.0,1.0,47.0,7.0,,0.0,2160.0,51.0,7.0,6.1204,21800.0,0.6915,0.0,0.0,7.5,1.0,3.0,21.8,,9.0
0.0,0.0,0.0,0.0,56.0,15.0,,0.0,900.0,56.0,12.0,3.1111,7700.0,0.7515,7.0,7.0,14.0,1.0,10.0,7.7,,100.0
0.0,0.0,0.0,1.0,49.0,12.0,,0.0,2467.0,52.0,16.0,12.161,31800.0,0.5815,7.0,7.0,11.0,0.0,6.0,31.8,,36.0
0.0,0.0,0.0,0.0,48.0,6.0,,0.0,1820.0,55.0,12.0,5.3846,17258.0,0.7515,7.0,7.0,9.5,1.0,20.0,17.258,,400.0
0.0,0.0,0.0,1.0,49.0,12.0,,0.0,2223.0,53.0,10.0,3.9838,13399.0,0.7515,10.0,12.0,9.5,0.0,8.0,13.399,,64.0
0.0,0.0,0.0,1.0,56.0,12.0,,0.0,2142.0,60.0,12.0,7.4697,16073.0,0.7215,12.0,16.0,11.0,0.0,3.0,16.073,,9.0
0.0,0.0,0.0,0.0,46.0,12.0,,0.0,1928.0,46.0,11.0,11.411,23260.0,0.6615,7.0,7.0,7.5,1.0,4.0,23.26,,16.0
0.0,0.0,0.0,2.0,45.0,12.0,,0.0,2783.0,49.0,17.0,12.936,37300.0,0.5515,12.0,12.0,14.0,1.0,13.0,37.3,,169.0
0.0,0.0,0.0,2.0,32.0,12.0,,0.0,1960.0,35.0,12.0,5.6122,11000.0,0.7515,12.0,7.0,11.0,1.0,4.0,11.0,,16.0
0.0,0.0,1.0,1.0,43.0,12.0,,2.7,1920.0,41.0,12.0,6.8099,13075.0,0.7515,7.0,7.0,14.0,1.0,17.0,13.075,,289.0
0.0,0.0,1.0,1.0,34.0,12.0,,0.0,1587.0,39.0,12.0,8.5066,13700.0,0.7215,7.0,7.0,9.5,1.0,4.0,13.7,,16.0
0.0,0.0,1.0,1.0,30.0,12.0,,0.0,2496.0,51.0,10.0,5.508,25100.0,0.6615,7.0,10.0,5.0,0.0,0.0,25.1,,0.0
0.0,0.0,2.0,0.0,38.0,17.0,,4.8,2280.0,39.0,12.0,7.2285,18600.0,0.6915,12.0,16.0,5.0,1.0,15.0,18.6,,225.0
0.0,0.0,1.0,1.0,33.0,16.0,,0.0,2750.0,36.0,17.0,9.4545,29000.0,0.6215,16.0,16.0,9.5,0.0,11.0,29.0,,121.0
0.0,0.0,0.0,0.0,52.0,12.0,,0.0,2115.0,55.0,12.0,8.9835,19237.0,0.6915,7.0,7.0,9.5,1.0,23.0,19.237,,529.0
0.0,0.0,0.0,3.0,43.0,11.0,,0.0,2590.0,45.0,12.0,5.9846,19855.0,0.7215,12.0,14.0,7.5,1.0,1.0,19.855,,1.0
0.0,0.0,1.0,1.0,33.0,12.0,,0.0,2372.0,34.0,12.0,3.9629,9450.0,0.7515,12.0,7.0,9.5,0.0,5.0,9.45,,25.0
0.0,0.0,0.0,0.0,45.0,10.0,,0.0,2295.0,48.0,12.0,7.0575,30000.0,0.5815,7.0,7.0,7.5,0.0,1.0,30.0,,1.0
0.0,0.0,2.0,1.0,36.0,10.0,,0.0,2096.0,38.0,12.0,7.1565,15000.0,0.7215,10.0,10.0,14.0,1.0,5.0,15.0,,25.0
0.0,0.0,1.0,1.0,34.0,12.0,,0.0,3315.0,39.0,17.0,4.0145,24701.0,0.6615,12.0,12.0,9.5,1.0,3.0,24.701,,9.0
0.0,0.0,0.0,2.0,37.0,14.0,,0.0,1777.0,50.0,16.0,3.8829,15900.0,0.7215,10.0,14.0,11.0,0.0,3.0,15.9,,9.0
0.0,0.0,0.0,1.0,46.0,10.0,,0.0,1880.0,51.0,12.0,7.9787,16240.0,0.7215,7.0,7.0,11.0,0.0,19.0,16.24,,361.0
0.0,0.0,0.0,0.0,47.0,12.0,,0.0,2184.0,55.0,10.0,5.0366,21100.0,0.7515,12.0,12.0,9.5,1.0,20.0,21.1,,400.0
0.0,0.0,2.0,1.0,31.0,16.0,,0.0,3250.0,32.0,16.0,7.0769,23000.0,0.6615,12.0,12.0,7.5,1.0,5.0,23.0,,25.0
0.0,0.0,0.0,0.0,57.0,5.0,,0.0,1520.0,58.0,5.0,3.6184,6340.0,0.7715,7.0,7.0,14.0,0.0,0.0,6.34,,0.0
0.0,0.0,1.0,1.0,30.0,12.0,,0.0,3119.0,30.0,13.0,13.466,42250.0,0.4915,10.0,10.0,5.0,1.0,3.0,42.25,,9.0
0.0,0.0,0.0,0.0,30.0,12.0,,0.0,640.0,43.0,17.0,14.531,14694.0,0.7215,12.0,10.0,11.0,1.0,3.0,14.694,,9.0
0.0,0.0,0.0,3.0,44.0,12.0,,0.0,2250.0,45.0,12.0,6.8,21417.0,0.7215,12.0,12.0,9.5,1.0,7.0,21.417,,49.0
0.0,0.0,0.0,0.0,53.0,13.0,,0.0,3000.0,53.0,13.0,6.6667,20200.0,0.6615,7.0,12.0,7.5,1.0,7.0,20.2,,49.0
0.0,0.0,0.0,0.0,51.0,8.0,,0.0,2028.0,54.0,8.0,5.9172,12090.0,0.7215,7.0,7.0,9.5,1.0,1.0,12.09,,1.0
0.0,0.0,1.0,3.0,39.0,12.0,,0.0,2412.0,36.0,14.0,10.24,24760.0,0.6615,12.0,7.0,5.0,1.0,13.0,24.76,,169.0
0.0,0.0,0.0,0.0,52.0,8.0,,0.0,2452.0,54.0,12.0,8.1566,23000.0,0.6915,7.0,3.0,3.0,0.0,0.0,23.0,,0.0
0.0,0.0,0.0,4.0,46.0,8.0,,0.0,2304.0,50.0,12.0,6.6775,19365.0,0.7215,3.0,3.0,11.0,1.0,0.0,19.365,,0.0
0.0,0.0,0.0,5.0,47.0,12.0,,0.0,3120.0,49.0,12.0,0.9615,5550.0,0.9415,7.0,7.0,3.0,0.0,12.0,5.55,,144.0
0.0,0.0,0.0,2.0,52.0,8.0,,0.0,1670.0,54.0,8.0,16.907,68035.0,0.4415,7.0,3.0,7.5,1.0,0.0,68.035,,0.0
0.0,0.0,0.0,2.0,45.0,12.0,,0.0,2137.0,46.0,15.0,13.57,29300.0,0.6215,10.0,14.0,7.5,1.0,5.0,29.3,,25.0
0.0,0.0,0.0,0.0,60.0,11.0,,0.0,2071.0,52.0,11.0,8.9329,18500.0,0.6915,7.0,7.0,7.5,1.0,45.0,18.5,,2025.0
0.0,0.0,0.0,2.0,41.0,13.0,,0.0,1960.0,54.0,7.0,4.7372,22582.0,0.7215,17.0,7.0,11.0,0.0,10.0,22.582,,100.0
0.0,0.0,0.0,3.0,39.0,8.0,,0.0,2068.0,45.0,12.0,8.5106,21500.0,0.7215,7.0,7.0,7.5,1.0,2.0,21.5,,4.0
0.0,0.0,0.0,1.0,49.0,12.0,,0.0,2190.0,51.0,12.0,5.2511,28070.0,0.7515,7.0,7.0,7.5,0.0,3.0,28.07,,9.0
0.0,0.0,1.0,1.0,32.0,15.0,,0.0,2295.0,37.0,13.0,21.786,50300.0,0.4415,12.0,12.0,14.0,1.0,1.0,50.3,,1.0
0.0,0.0,1.0,3.0,33.0,12.0,,0.0,2970.0,34.0,13.0,7.9125,23500.0,0.6615,12.0,12.0,14.0,1.0,5.0,23.5,,25.0
0.0,0.0,0.0,4.0,36.0,10.0,,0.0,2068.0,37.0,8.0,7.1083,15500.0,0.7515,7.0,9.0,14.0,0.0,10.0,15.5,,100.0
0.0,0.0,3.0,3.0,37.0,13.0,,0.0,2419.0,39.0,14.0,5.0434,13440.0,0.7715,7.0,0.0,5.0,0.0,4.0,13.44,,16.0
0.0,0.0,1.0,2.0,30.0,12.0,,0.0,2150.0,34.0,11.0,2.2442,8100.0,0.7815,12.0,12.0,11.0,0.0,7.0,8.1,,49.0
0.0,0.0,1.0,1.0,44.0,11.0,,0.0,1152.0,37.0,10.0,8.5069,9800.0,0.7515,7.0,12.0,9.5,1.0,9.0,9.8,,81.0
0.0,0.0,0.0,1.0,48.0,12.0,,0.0,2640.0,49.0,12.0,7.5758,20300.0,0.6915,7.0,12.0,5.0,1.0,5.0,20.3,,25.0
0.0,0.0,0.0,4.0,40.0,11.0,,0.0,2550.0,45.0,11.0,5.8824,15000.0,0.7515,7.0,7.0,14.0,1.0,4.0,15.0,,16.0
0.0,0.0,0.0,0.0,47.0,13.0,,0.0,1360.0,49.0,16.0,40.441,56100.0,0.4415,9.0,9.0,5.0,1.0,11.0,56.1,,121.0
0.0,0.0,0.0,2.0,36.0,12.0,,0.0,2420.0,40.0,12.0,6.2339,22846.0,0.7215,12.0,7.0,5.0,1.0,9.0,22.846,,81.0
0.0,0.0,0.0,2.0,40.0,11.0,,0.0,2205.0,42.0,14.0,9.2971,22225.0,0.6915,7.0,12.0,5.0,1.0,4.0,22.225,,16.0
0.0,0.0,0.0,1.0,46.0,12.0,,0.0,3268.0,46.0,12.0,0.7038,17635.0,0.9415,12.0,7.0,7.5,1.0,2.0,17.635,,4.0
0.0,0.0,0.0,0.0,52.0,12.0,,0.0,3672.0,54.0,12.0,2.5425,18500.0,0.6915,3.0,12.0,7.5,0.0,23.0,18.5,,529.0
0.0,0.0,0.0,1.0,44.0,12.0,,0.0,1800.0,45.0,12.0,5.0833,13390.0,0.7515,12.0,12.0,11.0,0.0,3.0,13.39,,9.0
0.0,0.0,0.0,1.0,45.0,10.0,,0.0,1926.0,46.0,14.0,7.6843,15150.0,0.7215,7.0,7.0,7.5,1.0,15.0,15.15,,225.0
0.0,0.0,2.0,1.0,30.0,7.0,,0.0,1920.0,35.0,7.0,4.0625,16200.0,0.7815,7.0,3.0,7.5,0.0,8.0,16.2,,64.0
0.0,0.0,1.0,3.0,40.0,12.0,,0.0,2080.0,44.0,12.0,6.5106,33920.0,0.6615,12.0,12.0,14.0,1.0,3.0,33.92,,9.0
0.0,0.0,0.0,1.0,43.0,12.0,,0.0,2856.0,43.0,12.0,2.951,14000.0,0.7215,7.0,12.0,7.5,0.0,25.0,14.0,,625.0
0.0,0.0,0.0,2.0,49.0,12.0,,0.0,2115.0,53.0,10.0,5.6738,16736.0,0.7515,12.0,3.0,11.0,1.0,2.0,16.736,,4.0
0.0,0.0,1.0,4.0,46.0,12.0,,3.45,1880.0,48.0,12.0,12.766,30650.0,0.6615,12.0,12.0,11.0,1.0,0.0,30.65,,0.0
0.0,0.0,0.0,0.0,52.0,11.0,,0.0,2000.0,52.0,12.0,6.0,12400.0,0.7515,7.0,7.0,11.0,0.0,19.0,12.4,,361.0
0.0,0.0,1.0,1.0,31.0,12.0,,0.0,2044.0,33.0,15.0,9.2955,19022.0,0.6915,7.0,10.0,9.5,1.0,3.0,19.022,,9.0
0.0,0.0,1.0,1.0,42.0,10.0,,0.0,1677.0,47.0,11.0,5.1324,11203.0,0.7515,7.0,7.0,5.0,0.0,7.0,11.203,,49.0
0.0,0.0,0.0,3.0,33.0,11.0,,0.0,2184.0,38.0,8.0,9.0659,19876.0,0.6915,7.0,14.0,7.5,1.0,1.0,19.876,,1.0
0.0,0.0,0.0,0.0,57.0,16.0,,0.0,3185.0,57.0,13.0,11.931,57000.0,0.4415,7.0,12.0,14.0,1.0,9.0,57.0,,81.0
0.0,0.0,0.0,0.0,49.0,10.0,,0.0,2680.0,51.0,10.0,6.7164,18290.0,0.6915,10.0,10.0,11.0,1.0,3.0,18.29,,9.0
0.0,0.0,0.0,1.0,45.0,14.0,,0.0,3615.0,47.0,14.0,4.5851,20220.0,0.6915,14.0,12.0,11.0,1.0,8.0,20.22,,64.0
0.0,0.0,0.0,0.0,56.0,11.0,,0.0,2139.0,56.0,12.0,9.2567,22150.0,0.6915,7.0,7.0,14.0,1.0,0.0,22.15,,0.0
0.0,0.0,1.0,3.0,41.0,12.0,,0.0,3080.0,43.0,12.0,8.5656,30623.0,0.6215,10.0,10.0,7.5,1.0,5.0,30.623,,25.0
0.0,0.0,0.0,0.0,56.0,5.0,,0.0,1261.0,53.0,6.0,6.7407,9380.0,0.7515,3.0,3.0,14.0,1.0,20.0,9.38,,400.0
0.0,0.0,0.0,1.0,48.0,10.0,,0.0,2227.0,48.0,10.0,9.8788,22000.0,0.6915,7.0,7.0,5.0,1.0,3.0,22.0,,9.0
0.0,0.0,0.0,2.0,52.0,16.0,,0.0,1920.0,53.0,16.0,9.375,23675.0,0.6615,12.0,10.0,7.5,1.0,12.0,23.675,,144.0
0.0,0.0,0.0,0.0,51.0,12.0,,0.0,2350.0,55.0,12.0,6.277,33671.0,0.7215,7.0,7.0,14.0,1.0,5.0,33.671,,25.0
0.0,0.0,0.0,3.0,35.0,11.0,,0.0,1785.0,39.0,10.0,6.4241,12367.0,0.7515,7.0,7.0,7.5,0.0,1.0,12.367,,1.0
0.0,0.0,0.0,0.0,45.0,12.0,,0.0,2598.0,51.0,12.0,8.3718,21950.0,0.6615,7.0,7.0,5.0,0.0,0.0,21.95,,0.0
0.0,0.0,0.0,0.0,54.0,12.0,,0.0,2455.0,58.0,17.0,12.22,32000.0,0.5815,7.0,7.0,9.5,1.0,7.0,32.0,,49.0
0.0,0.0,0.0,2.0,54.0,12.0,,0.0,2450.0,54.0,13.0,3.5612,22610.0,0.7215,10.0,10.0,9.5,1.0,13.0,22.61,,169.0
0.0,0.0,1.0,0.0,31.0,12.0,,0.0,1218.0,32.0,8.0,8.867,12092.0,0.7515,7.0,7.0,3.0,0.0,3.0,12.092,,9.0
0.0,0.0,0.0,3.0,53.0,6.0,,0.0,2040.0,54.0,4.0,1.8515,3777.0,0.9415,7.0,7.0,11.0,0.0,0.0,3.777,,0.0
0.0,0.0,2.0,2.0,35.0,14.0,,0.0,2600.0,34.0,14.0,8.0769,36000.0,0.5515,16.0,14.0,3.0,0.0,2.0,36.0,,4.0
0.0,0.0,1.0,3.0,36.0,12.0,,0.0,2450.0,40.0,16.0,8.9796,26900.0,0.6615,12.0,16.0,7.5,0.0,0.0,26.9,,0.0
0.0,0.0,0.0,0.0,59.0,12.0,,0.0,2717.0,60.0,12.0,6.6618,32242.0,0.6615,7.0,7.0,11.0,1.0,2.0,32.242,,4.0
0.0,0.0,0.0,0.0,54.0,16.0,,0.0,2701.0,54.0,17.0,11.107,35020.0,0.5815,16.0,17.0,5.0,1.0,1.0,35.02,,1.0
0.0,0.0,1.0,1.0,37.0,12.0,,0.0,2600.0,47.0,17.0,14.077,37600.0,0.5515,7.0,7.0,9.0,1.0,10.0,37.6,,100.0
0.0,0.0,0.0,0.0,44.0,12.0,,0.0,3640.0,54.0,10.0,0.4121,1500.0,0.9415,7.0,7.0,7.5,1.0,10.0,1.5,,100.0
0.0,0.0,1.0,2.0,34.0,17.0,,0.0,2940.0,40.0,16.0,23.81,96000.0,0.4415,12.0,12.0,5.0,1.0,1.0,96.0,,1.0
0.0,0.0,0.0,0.0,49.0,12.0,,0.0,1880.0,50.0,12.0,9.5745,18150.0,0.6915,7.0,7.0,11.0,0.0,3.0,18.15,,9.0
0.0,0.0,0.0,0.0,49.0,12.0,,0.0,3500.0,51.0,12.0,1.9286,15500.0,0.7215,7.0,7.0,3.0,0.0,32.0,15.5,,1024.0
0.0,0.0,0.0,0.0,60.0,9.0,,0.0,3320.0,60.0,8.0,2.5783,14000.0,0.7215,7.0,7.0,3.0,0.0,0.0,14.0,,0.0
0.0,0.0,0.0,0.0,51.0,12.0,,0.0,1605.0,55.0,12.0,7.2274,14756.0,0.7215,7.0,7.0,7.5,1.0,7.0,14.756,,49.0
0.0,0.0,1.0,1.0,30.0,12.0,,0.0,2500.0,30.0,14.0,8.8,22000.0,0.6615,12.0,10.0,5.0,1.0,5.0,22.0,,25.0
0.0,0.0,0.0,2.0,47.0,12.0,,0.0,2400.0,49.0,9.0,7.75,24466.0,0.6615,7.0,7.0,11.0,1.0,2.0,24.466,,4.0
0.0,0.0,0.0,4.0,36.0,12.0,,0.0,1634.0,45.0,17.0,14.688,24400.0,0.6615,12.0,12.0,7.5,1.0,5.0,24.4,,25.0
0.0,0.0,1.0,3.0,35.0,12.0,,0.0,2260.0,38.0,12.0,10.487,24000.0,0.6615,7.0,7.0,9.5,1.0,3.0,24.0,,9.0
0.0,0.0,0.0,0.0,58.0,12.0,,0.0,3478.0,53.0,12.0,4.0253,15500.0,0.7215,12.0,9.0,11.0,0.0,25.0,15.5,,625.0
0.0,0.0,1.0,3.0,41.0,14.0,,0.0,2550.0,42.0,16.0,11.765,30800.0,0.6215,14.0,12.0,7.5,0.0,0.0,30.8,,0.0
0.0,0.0,0.0,1.0,51.0,10.0,,0.0,840.0,52.0,8.0,9.5238,10660.0,0.7515,7.0,7.0,14.0,1.0,3.0,10.66,,9.0
0.0,0.0,0.0,0.0,47.0,12.0,,0.0,1520.0,52.0,12.0,6.9079,13350.0,0.7215,7.0,7.0,11.0,0.0,10.0,13.35,,100.0
0.0,0.0,1.0,2.0,45.0,9.0,,0.0,1920.0,35.0,9.0,5.151,10090.0,0.7515,12.0,3.0,11.0,0.0,10.0,10.09,,100.0
0.0,0.0,0.0,0.0,60.0,14.0,,0.0,2703.0,55.0,17.0,20.496,55600.0,0.4415,16.0,14.0,14.0,1.0,7.0,55.6,,49.0
0.0,0.0,1.0,1.0,30.0,16.0,,2.0,1896.0,46.0,16.0,13.555,25700.0,0.6615,12.0,12.0,9.5,1.0,5.0,25.7,,25.0
0.0,0.0,0.0,0.0,55.0,11.0,,0.0,1960.0,57.0,13.0,14.796,29000.0,0.5815,7.0,3.0,5.0,1.0,15.0,29.0,,225.0
0.0,0.0,1.0,2.0,32.0,12.0,,0.0,3060.0,50.0,8.0,1.6905,7286.0,0.7815,10.0,7.0,3.0,0.0,1.0,7.286,,1.0
0.0,0.0,0.0,2.0,36.0,12.0,,0.0,2805.0,38.0,12.0,7.2296,37752.0,0.5215,7.0,7.0,3.0,0.0,5.0,37.752,,25.0
0.0,0.0,0.0,0.0,55.0,12.0,,0.0,1944.0,53.0,7.0,4.1152,13072.0,0.7515,3.0,3.0,14.0,0.0,9.0,13.072,,81.0
0.0,0.0,0.0,0.0,47.0,12.0,,0.0,1960.0,47.0,12.0,2.999,7044.0,0.7715,3.0,3.0,14.0,0.0,18.0,7.044,,324.0
0.0,0.0,0.0,1.0,47.0,12.0,,0.0,2112.0,52.0,8.0,8.0492,18200.0,0.6915,7.0,7.0,14.0,1.0,1.0,18.2,,1.0
0.0,0.0,0.0,1.0,37.0,11.0,,0.0,2544.0,39.0,12.0,8.577,27000.0,0.6215,12.0,7.0,3.0,0.0,0.0,27.0,,0.0
0.0,0.0,0.0,2.0,50.0,12.0,,0.0,1700.0,53.0,17.0,9.3235,30300.0,0.5815,10.0,12.0,3.0,0.0,6.0,30.3,,36.0
0.0,0.0,0.0,3.0,30.0,12.0,,0.0,2550.0,31.0,12.0,4.7059,12000.0,0.7515,3.0,7.0,14.0,0.0,1.0,12.0,,1.0
0.0,0.0,0.0,1.0,48.0,17.0,,0.0,2080.0,45.0,17.0,9.1346,31500.0,0.6615,16.0,17.0,3.0,0.0,2.0,31.5,,4.0
0.0,0.0,0.0,2.0,43.0,10.0,,0.0,2060.0,49.0,12.0,7.767,27092.0,0.7215,10.0,10.0,5.0,1.0,15.0,27.092,,225.0
0.0,0.0,1.0,0.0,48.0,11.0,,0.0,1955.0,46.0,8.0,4.1269,20968.0,0.7515,7.0,7.0,3.0,0.0,25.0,20.968,,625.0
0.0,0.0,1.0,2.0,41.0,14.0,,0.0,2500.0,44.0,17.0,10.0,27000.0,0.6615,17.0,7.0,14.0,1.0,1.0,27.0,,1.0
0.0,0.0,0.0,0.0,50.0,12.0,,0.0,2750.0,52.0,10.0,4.0727,11225.0,0.7515,7.0,10.0,7.5,1.0,0.0,11.225,,0.0
0.0,0.0,0.0,0.0,58.0,8.0,,0.0,2040.0,59.0,5.0,7.8529,37700.0,0.5815,3.0,3.0,7.5,0.0,0.0,37.7,,0.0
0.0,0.0,0.0,5.0,38.0,13.0,,0.0,3275.0,43.0,15.0,7.8168,28200.0,0.6615,12.0,16.0,7.5,1.0,0.0,28.2,,0.0
0.0,0.0,0.0,1.0,37.0,12.0,,0.0,2400.0,39.0,12.0,9.1667,34000.0,0.6615,7.0,12.0,5.0,0.0,8.0,34.0,,64.0
0.0,0.0,0.0,0.0,50.0,16.0,,0.0,2024.0,51.0,17.0,29.644,63200.0,0.4415,12.0,7.0,9.5,1.0,22.0,63.2,,484.0
0.0,0.0,0.0,4.0,42.0,8.0,,0.0,1840.0,44.0,6.0,4.0761,7500.0,0.7915,3.0,3.0,7.5,1.0,5.0,7.5,,25.0
0.0,0.0,1.0,3.0,37.0,9.0,,0.0,2033.0,37.0,17.0,8.362,17410.0,0.7215,10.0,10.0,9.5,1.0,10.0,17.41,,100.0
0.0,0.0,0.0,2.0,41.0,16.0,,0.0,1946.0,40.0,17.0,12.062,51000.0,0.4415,16.0,17.0,9.0,1.0,1.0,51.0,,1.0
0.0,0.0,0.0,2.0,31.0,12.0,,0.0,3660.0,31.0,12.0,2.3251,12916.0,0.7515,10.0,7.0,3.0,0.0,1.0,12.916,,1.0
0.0,0.0,0.0,0.0,51.0,12.0,,0.0,2088.0,55.0,11.0,10.01,21900.0,0.6615,7.0,7.0,5.0,1.0,6.0,21.9,,36.0
0.0,0.0,1.0,2.0,36.0,12.0,,0.0,2048.0,41.0,12.0,5.2734,17640.0,0.7515,7.0,7.0,5.0,0.0,4.0,17.64,,16.0
0.0,0.0,0.0,0.0,54.0,15.0,,0.0,1920.0,52.0,15.0,10.417,20000.0,0.6915,14.0,16.0,14.0,0.0,6.0,20.0,,36.0
0.0,0.0,0.0,0.0,49.0,12.0,,0.0,2000.0,54.0,12.0,7.5,15000.0,0.7215,7.0,7.0,14.0,1.0,0.0,15.0,,0.0
0.0,0.0,1.0,1.0,48.0,9.0,,0.0,2204.0,47.0,8.0,6.3521,14060.0,0.7215,10.0,12.0,5.0,0.0,1.0,14.06,,1.0
0.0,0.0,0.0,2.0,42.0,9.0,,0.0,3157.0,45.0,10.0,3.8071,15825.0,0.7215,7.0,14.0,9.5,0.0,3.0,15.825,,9.0
0.0,0.0,1.0,2.0,41.0,12.0,,0.0,1665.0,44.0,14.0,9.9099,16510.0,0.7215,3.0,16.0,9.5,1.0,15.0,16.51,,225.0
0.0,0.0,0.0,0.0,55.0,16.0,,0.0,2304.0,56.0,11.0,2.6701,13000.0,0.7215,12.0,12.0,7.5,0.0,33.0,13.0,,1089.0
0.0,0.0,0.0,0.0,42.0,9.0,,0.0,2275.0,46.0,8.0,4.3956,10000.0,0.7515,7.0,7.0,5.0,1.0,2.0,10.0,,4.0
0.0,0.0,0.0,1.0,32.0,15.0,,0.0,2760.0,33.0,17.0,7.971,22000.0,0.6615,12.0,12.0,7.5,1.0,1.0,22.0,,1.0
0.0,0.0,0.0,2.0,43.0,12.0,,0.0,1750.0,44.0,14.0,15.429,29800.0,0.5815,7.0,7.0,7.5,1.0,10.0,29.8,,100.0
0.0,0.0,1.0,3.0,33.0,12.0,,0.0,3366.0,37.0,13.0,1.9854,15000.0,0.7215,7.0,7.0,5.0,1.0,0.0,15.0,,0.0
0.0,0.0,0.0,1.0,48.0,15.0,,0.0,2205.0,51.0,16.0,7.2562,22300.0,0.7215,10.0,14.0,9.5,1.0,14.0,22.3,,196.0
0.0,0.0,0.0,2.0,43.0,12.0,,0.0,1990.0,48.0,9.0,7.0352,14550.0,0.7215,3.0,16.0,7.5,1.0,15.0,14.55,,225.0
0.0,0.0,1.0,3.0,47.0,17.0,,0.0,1930.0,57.0,16.0,8.1347,19730.0,0.6915,14.0,12.0,7.5,1.0,15.0,19.73,,225.0
0.0,0.0,0.0,0.0,54.0,12.0,,0.0,1350.0,60.0,12.0,11.981,35000.0,0.5515,12.0,12.0,7.5,1.0,10.0,35.0,,100.0
0.0,0.0,0.0,1.0,51.0,12.0,,0.0,3340.0,52.0,12.0,5.9922,21014.0,0.6615,7.0,3.0,7.5,1.0,6.0,21.014,,36.0
0.0,0.0,0.0,1.0,51.0,10.0,,0.0,960.0,57.0,10.0,4.1458,10876.0,0.7515,14.0,7.0,7.5,0.0,18.0,10.876,,324.0
0.0,0.0,1.0,1.0,43.0,13.0,,0.0,2732.0,42.0,13.0,8.5102,27850.0,0.6215,12.0,10.0,7.5,0.0,15.0,27.85,,225.0
0.0,0.0,0.0,0.0,53.0,12.0,,0.0,1624.0,59.0,8.0,2.9631,9560.0,0.7515,0.0,3.0,3.0,0.0,30.0,9.56,,900.0
0.0,0.0,1.0,1.0,34.0,11.0,,0.0,1804.0,36.0,12.0,8.8149,30300.0,0.6215,7.0,7.0,7.5,0.0,15.0,30.3,,225.0
0.0,0.0,1.0,1.0,31.0,8.0,,0.0,2805.0,31.0,10.0,2.4955,7720.0,0.7815,7.0,7.0,7.5,0.0,10.0,7.72,,100.0
0.0,0.0,0.0,0.0,56.0,12.0,,0.0,2160.0,59.0,8.0,4.8843,10550.0,0.7515,10.0,7.0,7.5,1.0,0.0,10.55,,0.0
0.0,0.0,0.0,1.0,42.0,16.0,,0.0,2052.0,55.0,15.0,10.2,24106.0,0.6615,12.0,7.0,9.5,1.0,0.0,24.106,,0.0
0.0,0.0,0.0,2.0,32.0,12.0,,0.0,2250.0,35.0,16.0,10.0,22995.0,0.6615,12.0,14.0,9.5,1.0,4.0,22.995,,16.0
0.0,0.0,1.0,3.0,35.0,12.0,,0.0,1120.0,37.0,12.0,5.3571,6000.0,0.8015,12.0,12.0,9.5,1.0,0.0,6.0,,0.0
0.0,0.0,1.0,1.0,30.0,12.0,,0.0,2450.0,36.0,14.0,9.7959,24350.0,0.6615,14.0,14.0,9.5,1.0,3.0,24.35,,9.0
0.0,0.0,0.0,0.0,51.0,10.0,,0.0,3432.0,50.0,11.0,1.3741,7608.0,0.7715,7.0,7.0,7.5,0.0,20.0,7.608,,400.0
0.0,0.0,0.0,3.0,47.0,12.0,,0.0,2700.0,48.0,12.0,3.463,28200.0,0.7215,7.0,7.0,3.0,0.0,3.0,28.2,,9.0
0.0,0.0,0.0,1.0,54.0,12.0,,0.0,2817.0,55.0,13.0,5.0408,16150.0,0.7215,3.0,7.0,3.0,0.0,1.0,16.15,,1.0
0.0,0.0,3.0,0.0,31.0,15.0,,0.0,3000.0,34.0,17.0,16.667,51200.0,0.4415,7.0,10.0,7.5,1.0,5.0,51.2,,25.0
0.0,0.0,0.0,0.0,47.0,10.0,,0.0,2125.0,45.0,11.0,4.3294,12646.0,0.7515,7.0,7.0,5.0,1.0,7.0,12.646,,49.0
0.0,0.0,0.0,3.0,47.0,14.0,,0.0,1864.0,42.0,16.0,10.193,19000.0,0.6915,7.0,7.0,11.0,1.0,6.0,19.0,,36.0
0.0,0.0,0.0,3.0,40.0,12.0,,0.0,2400.0,39.0,12.0,7.5833,19000.0,0.7215,7.0,7.0,7.5,1.0,2.0,19.0,,4.0
0.0,0.0,0.0,0.0,48.0,8.0,,0.0,2160.0,50.0,7.0,4.1204,14400.0,0.7515,3.0,3.0,7.5,0.0,0.0,14.4,,0.0
0.0,0.0,0.0,7.0,34.0,8.0,,0.0,1040.0,51.0,7.0,4.8077,7232.0,0.9415,3.0,7.0,11.0,1.0,10.0,7.232,,100.0
0.0,0.0,0.0,3.0,38.0,12.0,,0.0,2450.0,42.0,16.0,3.1531,21943.0,0.7515,7.0,10.0,9.5,1.0,6.0,21.943,,36.0
0.0,0.0,1.0,3.0,32.0,12.0,,0.0,2500.0,34.0,16.0,19.0,47500.0,0.4615,7.0,10.0,7.5,1.0,4.0,47.5,,16.0
0.0,0.0,0.0,1.0,48.0,16.0,,0.0,2131.0,45.0,17.0,6.0535,28900.0,0.6215,12.0,7.0,7.5,1.0,8.0,28.9,,64.0
0.0,0.0,0.0,2.0,41.0,12.0,,0.0,2165.0,46.0,7.0,3.7875,12400.0,0.7715,7.0,7.0,7.5,0.0,18.0,12.4,,324.0
0.0,0.0,0.0,2.0,49.0,5.0,,0.0,2230.0,43.0,3.0,2.9287,6531.0,0.7815,0.0,0.0,7.5,0.0,7.0,6.531,,49.0
0.0,0.0,0.0,0.0,59.0,8.0,,0.0,1995.0,55.0,12.0,9.2972,22422.0,0.6915,3.0,7.0,11.0,1.0,15.0,22.422,,225.0
0.0,0.0,0.0,0.0,58.0,13.0,,0.0,2025.0,57.0,16.0,9.3827,22200.0,0.6615,7.0,7.0,11.0,1.0,7.0,22.2,,49.0
0.0,0.0,0.0,3.0,41.0,12.0,,0.0,2450.0,48.0,15.0,26.531,77000.0,0.4415,7.0,14.0,14.0,1.0,8.0,77.0,,64.0
0.0,0.0,0.0,2.0,45.0,12.0,,0.0,2160.0,45.0,12.0,40.509,88000.0,0.4415,10.0,10.0,14.0,1.0,8.0,88.0,,64.0
0.0,0.0,1.0,1.0,30.0,14.0,,0.0,1715.0,32.0,17.0,15.16,26040.0,0.6215,12.0,10.0,11.0,0.0,3.0,26.04,,9.0
0.0,0.0,0.0,1.0,41.0,12.0,,0.0,3018.0,42.0,16.0,18.964,63500.0,0.4415,7.0,7.0,7.5,1.0,10.0,63.5,,100.0
0.0,0.0,2.0,0.0,30.0,12.0,,0.0,2216.0,33.0,16.0,5.4152,12100.0,0.7515,10.0,10.0,7.5,0.0,9.0,12.1,,81.0
0.0,0.0,0.0,1.0,53.0,12.0,,0.0,2499.0,54.0,12.0,1.9988,17505.0,0.7515,12.0,7.0,7.5,1.0,24.0,17.505,,576.0
0.0,0.0,0.0,0.0,31.0,12.0,,0.0,2250.0,37.0,14.0,8.0,18000.0,0.6915,10.0,7.0,7.5,0.0,12.0,18.0,,144.0
0.0,0.0,0.0,2.0,43.0,14.0,,0.0,2116.0,44.0,17.0,11.153,28069.0,0.6615,12.0,12.0,11.0,1.0,2.0,28.069,,4.0
0.0,0.0,1.0,1.0,31.0,12.0,,0.0,2016.0,30.0,14.0,5.9524,14000.0,0.7515,12.0,14.0,14.0,1.0,6.0,14.0,,36.0
0.0,0.0,0.0,0.0,51.0,12.0,,0.0,2470.0,60.0,10.0,2.1194,8117.0,0.7515,10.0,3.0,7.5,1.0,18.0,8.117,,324.0
0.0,0.0,0.0,0.0,43.0,9.0,,0.0,1640.0,45.0,12.0,3.8384,11895.0,0.7715,7.0,7.0,5.0,1.0,17.0,11.895,,289.0
0.0,0.0,1.0,2.0,31.0,14.0,,0.0,2016.0,34.0,16.0,17.361,45250.0,0.4915,16.0,16.0,5.0,1.0,7.0,45.25,,49.0
0.0,0.0,0.0,0.0,48.0,11.0,,0.0,2185.0,48.0,12.0,8.0092,31106.0,0.6915,7.0,10.0,9.5,1.0,6.0,31.106,,36.0
0.0,0.0,1.0,1.0,31.0,12.0,,0.0,800.0,33.0,14.0,3.0,4000.0,0.8015,12.0,7.0,9.5,1.0,10.0,4.0,,100.0
0.0,0.0,0.0,1.0,44.0,12.0,,0.0,3022.0,46.0,12.0,10.589,40500.0,0.5815,7.0,7.0,7.5,1.0,5.0,40.5,,25.0
0.0,0.0,0.0,1.0,48.0,11.0,,0.0,1512.0,50.0,14.0,10.913,21620.0,0.7215,10.0,7.0,7.5,1.0,7.0,21.62,,49.0
0.0,0.0,0.0,1.0,53.0,12.0,,0.0,2677.0,53.0,12.0,5.6033,23426.0,0.7215,0.0,0.0,7.5,1.0,11.0,23.426,,121.0
0.0,0.0,0.0,3.0,42.0,10.0,,2.75,3150.0,44.0,12.0,7.9365,26000.0,0.6615,3.0,3.0,11.0,1.0,14.0,26.0,,196.0
0.0,0.0,2.0,6.0,39.0,12.0,,0.0,1430.0,34.0,12.0,2.9476,7840.0,0.9415,7.0,0.0,9.5,1.0,5.0,7.84,,25.0
0.0,0.0,1.0,2.0,32.0,10.0,,0.0,3307.0,36.0,4.0,2.0562,6800.0,0.7915,7.0,3.0,7.5,0.0,2.0,6.8,,4.0
0.0,0.0,0.0,2.0,36.0,12.0,,0.0,3120.0,39.0,12.0,1.3013,5330.0,0.7915,7.0,12.0,14.0,0.0,4.0,5.33,,16.0
0.0,0.0,0.0,2.0,40.0,13.0,,0.0,3020.0,43.0,16.0,9.2715,28200.0,0.6215,10.0,10.0,9.5,1.0,5.0,28.2,,25.0
0.0,0.0,2.0,3.0,31.0,12.0,,0.0,2056.0,33.0,12.0,4.8638,10000.0,0.7715,12.0,12.0,7.5,0.0,14.0,10.0,,196.0
0.0,0.0,0.0,0.0,43.0,12.0,,0.0,2383.0,43.0,12.0,1.0898,9952.0,0.7515,10.0,3.0,7.5,0.0,4.0,9.952,,16.0
0.0,0.0,0.0,0.0,60.0,12.0,,0.0,1705.0,55.0,8.0,12.44,24984.0,0.6215,12.0,12.0,14.0,1.0,15.0,24.984,,225.0
0.0,0.0,0.0,3.0,39.0,9.0,,0.0,3120.0,48.0,12.0,6.0897,28363.0,0.6915,7.0,7.0,11.0,1.0,12.0,28.363,,144.0
